flyID,in:WWRSouth,in:SillHT,in:WindowHT,in:BalconyDepth,in:WWRWest,in:X,in:Y,out:Effectivedepth,out:ZoneMeetsDF1,out:AreameetingTargetlvl,out:DFdata,out:SVdata
WWRSouth0.55_SillHT1_WindowHT1.0_BalconyDepth1.2_WWRWest0_X1.3_Y1.5,0.55,1,1,1.2,0,1.3,1.5,11.44,False,41.3,0.2;0.21;0.21;0.22;0.22;0.24;0.24;0.25;0.25;0.25;0.26;0.27;0.27;0.27;0.27;0.23;0.23;0.22;0.21;0.21;0.22;0.23;0.24;0.25;0.25;0.26;0.26;0.27;0.27;0.28;0.27;0.27;0.26;0.25;0.24;0.23;0.23;0.22;0.21;0.22;0.24;0.25;0.26;0.26;0.27;0.27;0.28;0.29;0.29;0.29;0.28;0.27;0.26;0.25;0.24;0.24;0.23;0.22;0.22;0.24;0.26;0.27;0.27;0.27;0.28;0.29;0.3;0.3;0.3;0.29;0.28;0.26;0.26;0.25;0.24;0.24;0.22;0.23;0.24;0.28;0.28;0.28;0.28;0.29;0.31;0.31;0.31;0.31;0.31;0.28;0.27;0.26;0.26;0.25;0.27;0.31;0.32;0.32;0.33;0.34;0.38;0.39;0.39;0.39;0.39;0.41;0.4;0.4;0.4;0.36;0.3;0.29;0.28;0.28;0.33;0.34;0.36;0.37;0.39;0.4;0.41;0.41;0.42;0.42;0.42;0.42;0.42;0.42;0.39;0.31;0.3;0.29;0.29;0.34;0.35;0.37;0.39;0.41;0.42;0.42;0.43;0.44;0.44;0.44;0.44;0.44;0.43;0.43;0.32;0.31;0.3;0.3;0.35;0.36;0.38;0.41;0.43;0.43;0.43;0.44;0.46;0.46;0.46;0.46;0.45;0.45;0.54;0.53;0.51;0.47;0.41;0.36;0.37;0.37;0.44;0.44;0.45;0.45;0.45;0.48;0.48;0.52;0.55;0.56;0.56;0.56;0.55;0.55;0.54;0.54;0.57;0.58;0.59;0.6;0.61;0.74;0.74;0.75;0.76;0.77;0.6;0.6;0.59;0.59;0.58;0.58;0.57;0.56;0.56;0.59;0.62;0.66;0.7;0.74;0.77;0.77;0.78;0.79;0.8;0.89;0.86;0.81;0.75;0.68;0.6;0.59;0.59;0.65;0.62;0.63;0.68;0.73;0.78;0.8;0.83;0.87;0.9;0.93;0.93;0.92;0.9;0.84;0.75;0.7;0.7;0.69;0.67;0.64;0.65;0.7;0.77;0.82;0.83;0.85;0.91;0.95;0.97;0.97;0.96;0.96;0.96;0.86;0.75;0.73;0.71;0.7;0.66;0.67;0.68;0.84;0.85;0.86;0.87;0.97;1.01;1.01;1.0;1.0;1.0;1.0;1.26;1.19;1.09;0.98;0.85;1.26;1.28;1.3;1.33;1.35;1.64;1.65;1.65;1.6;1.39;1.2;1.29;1.34;1.34;1.31;1.29;1.23;1.12;0.95;1.31;1.38;1.48;1.57;1.65;1.71;1.71;1.72;1.73;1.74;1.45;1.43;1.41;1.38;1.36;1.34;1.32;1.29;1.27;1.36;1.41;1.53;1.64;1.74;1.77;1.78;1.79;1.8;1.81;2.45;2.35;2.16;1.96;1.7;1.39;1.37;1.34;1.64;1.41;1.43;1.56;1.73;1.84;1.84;2.04;2.27;2.46;2.56;2.56;2.55;2.48;2.27;1.91;1.72;1.76;1.74;1.7;1.46;1.48;1.5;1.9;1.9;1.91;2.11;2.56;2.67;2.66;2.66;2.66;2.65;2.65;2.28;1.88;1.84;1.8;1.76;3.53;3.6;3.68;3.75;3.83;4.92;4.92;4.64;4.09;3.42;2.77;2.76;2.76;2.76;4.24;3.98;3.53;3.06;2.46;3.66;3.93;4.31;4.65;4.96;5.13;5.13;5.13;4.89;3.99;3.61;4.08;4.37;4.45;4.42;4.38;4.18;3.69;2.94;3.8;3.97;4.45;4.85;5.25;5.34;5.34;5.35;5.35;5.35;4.72;4.69;4.66;4.63;4.6;4.56;4.53;4.5;4.47;3.93;4.0;4.48;5.15;5.55;5.55;5.55;5.56;5.56;10.04;9.97;9.23;7.89;6.29;4.77;4.74;4.71;4.68;7.6;4.06;4.13;4.21;5.75;5.76;7.96;9.38;10.27;10.53;10.47;10.4;10.33;9.69;7.55;6.51;7.44;7.96;8.04;7.89;,50.98;50.98;50.98;50.98;50.32;50.98;50.29;50.98;50.32;50.98;50.29;50.98;50.32;50.98;50.29;51.68;49.63;49.63;49.6;51.68;48.12;49.63;49.6;51.68;48.78;49.63;49.6;51.68;46.84;47.36;48.27;51.68;45.47;45.42;48.3;51.68;44.22;42.68;39.9;51.68;41.5;37.2;24.67;51.68;41.3;35.28;16.3;51.68;40.54;33.97;15.64;51.68;40.61;35.11;22.01;51.68;42.73;39.77;39.26;51.68;42.03;41.23;44.83;51.68;42.68;42.53;44.77;53.03;
WWRSouth0.6_SillHT0.8_WindowHT1.2_BalconyDepth0.9_WWRWest0_X1.3_Y1,0.6,0.8,1.2,0.9,0,1.3,1,8.86,False,30.9,0.17;0.18;0.18;0.19;0.2;0.16;0.16;0.15;0.15;0.15;0.14;0.14;0.13;0.13;0.13;0.14;0.14;0.14;0.14;0.17;0.18;0.18;0.18;0.17;0.17;0.16;0.16;0.15;0.15;0.14;0.14;0.14;0.14;0.14;0.14;0.14;0.14;0.14;0.17;0.18;0.18;0.18;0.17;0.17;0.17;0.16;0.16;0.15;0.15;0.15;0.14;0.14;0.14;0.14;0.14;0.14;0.14;0.17;0.18;0.18;0.18;0.18;0.18;0.17;0.17;0.16;0.16;0.15;0.15;0.15;0.14;0.14;0.14;0.14;0.14;0.14;0.17;0.17;0.18;0.19;0.18;0.18;0.18;0.18;0.16;0.16;0.16;0.16;0.16;0.14;0.14;0.14;0.14;0.14;0.18;0.19;0.19;0.19;0.19;0.2;0.21;0.21;0.21;0.21;0.21;0.23;0.23;0.23;0.23;0.22;0.19;0.19;0.19;0.19;0.19;0.2;0.21;0.21;0.22;0.22;0.22;0.23;0.24;0.24;0.24;0.24;0.24;0.24;0.23;0.2;0.2;0.2;0.2;0.2;0.2;0.21;0.22;0.23;0.23;0.23;0.24;0.25;0.25;0.25;0.25;0.25;0.25;0.25;0.21;0.21;0.21;0.21;0.21;0.21;0.22;0.23;0.24;0.24;0.24;0.25;0.26;0.26;0.26;0.26;0.26;0.26;0.3;0.3;0.29;0.28;0.25;0.22;0.22;0.22;0.24;0.25;0.25;0.25;0.25;0.27;0.27;0.3;0.31;0.32;0.32;0.32;0.31;0.31;0.31;0.3;0.34;0.35;0.36;0.36;0.37;0.44;0.44;0.44;0.45;0.45;0.34;0.34;0.34;0.33;0.33;0.33;0.32;0.32;0.32;0.35;0.37;0.4;0.42;0.44;0.45;0.46;0.46;0.46;0.47;0.53;0.51;0.47;0.44;0.39;0.34;0.34;0.33;0.39;0.37;0.38;0.41;0.44;0.46;0.47;0.49;0.52;0.54;0.55;0.55;0.55;0.53;0.49;0.43;0.4;0.41;0.41;0.4;0.38;0.39;0.42;0.46;0.49;0.49;0.5;0.54;0.57;0.58;0.58;0.57;0.57;0.56;0.5;0.44;0.43;0.42;0.42;0.39;0.4;0.41;0.5;0.51;0.51;0.51;0.58;0.61;0.6;0.6;0.59;0.59;0.58;0.77;0.74;0.67;0.61;0.52;0.76;0.78;0.79;0.81;0.82;1.0;1.0;1.01;0.98;0.84;0.71;0.77;0.8;0.81;0.81;0.8;0.77;0.7;0.6;0.79;0.84;0.9;0.96;1.01;1.04;1.05;1.05;1.06;1.06;0.86;0.86;0.85;0.85;0.84;0.84;0.83;0.83;0.82;0.82;0.85;0.93;1.0;1.07;1.08;1.09;1.1;1.1;1.11;1.52;1.45;1.33;1.21;1.05;0.87;0.86;0.86;1.09;0.85;0.86;0.94;1.05;1.12;1.13;1.25;1.4;1.52;1.58;1.58;1.58;1.53;1.4;1.2;1.1;1.14;1.15;1.13;0.88;0.89;0.91;1.16;1.16;1.17;1.29;1.58;1.65;1.65;1.65;1.64;1.64;1.64;1.43;1.22;1.2;1.19;1.18;2.45;2.5;2.54;2.59;2.64;3.11;3.1;2.91;2.56;2.13;1.71;1.71;1.71;1.71;2.94;2.77;2.45;2.12;1.7;2.54;2.68;2.87;3.03;3.17;3.24;3.24;3.23;3.07;2.49;2.36;2.74;2.99;3.08;3.07;3.06;2.93;2.58;2.05;2.64;2.73;2.97;3.16;3.34;3.37;3.37;3.36;3.36;3.35;3.22;3.22;3.21;3.2;3.2;3.19;3.18;3.17;3.17;2.73;2.78;3.02;3.34;3.51;3.51;3.5;3.5;3.49;8.0;8.0;7.38;6.18;4.73;3.32;3.31;3.31;3.3;6.86;2.83;2.87;2.92;3.65;3.64;5.73;7.12;8.03;8.35;8.35;8.34;8.34;7.8;5.86;5.23;6.36;7.04;7.23;7.14;,50.98;50.98;50.98;50.98;50.98;50.98;50.98;50.98;50.98;50.98;50.32;50.98;49.54;49.63;50.29;49.54;49.63;50.29;48.89;48.12;49.63;48.24;48.12;49.63;46.88;46.8;47.36;46.21;44.02;42.73;44.91;42.05;35.17;44.77;39.32;29.13;43.99;38.64;29.13;45.41;42.1;33.07;44.81;42.5;40.03;44.88;44.69;43.93;46.92;45.37;45.48;
WWRSouth0.45_SillHT0.9_WindowHT0.8_BalconyDepth1.2_WWRWest0_X1.5_Y1.1,0.45,0.9,0.8,1.2,0,1.5,1.1,11.12,False,40,9.65;9.81;9.97;10.13;10.28;9.65;9.64;9.62;9.61;9.59;10.54;10.6;10.65;10.71;10.77;11.05;11.04;11.03;11.02;11.01;10.47;10.4;9.27;9.41;9.47;9.45;9.34;9.24;9.31;9.48;9.68;9.92;10.09;10.21;10.35;10.47;10.55;10.57;10.53;10.43;10.31;10.15;10.02;9.95;8.88;9.03;9.08;9.04;8.88;8.82;8.84;9.04;9.26;9.54;9.64;9.72;9.89;10.01;10.1;10.1;10.08;9.98;9.85;9.67;9.58;9.51;8.5;8.66;8.72;8.59;8.43;8.41;8.39;8.55;8.88;9.13;9.19;9.25;9.4;9.57;9.63;9.62;9.61;9.54;9.36;9.21;9.13;9.06;8.11;8.27;8.43;8.03;8.01;8.0;7.98;7.96;8.63;8.68;8.74;8.8;8.86;9.17;9.16;9.15;9.14;9.13;8.83;8.76;8.69;8.62;1.71;1.75;1.78;1.81;1.85;2.4;2.41;2.43;2.44;2.46;2.28;2.26;2.23;2.2;2.18;1.98;1.97;1.96;1.94;1.93;1.57;1.55;1.65;1.75;1.92;2.07;2.22;2.3;2.31;2.3;2.28;2.23;2.19;2.13;2.06;1.99;1.93;1.9;1.85;1.77;1.68;1.58;1.51;1.48;1.58;1.64;1.83;1.99;2.16;2.2;2.21;2.21;2.18;2.13;2.09;2.06;1.97;1.9;1.84;1.81;1.79;1.7;1.6;1.49;1.45;1.42;1.51;1.55;1.71;1.94;2.08;2.09;2.11;2.11;2.07;2.02;2.0;1.97;1.9;1.8;1.74;1.73;1.72;1.64;1.51;1.42;1.39;1.36;1.45;1.48;1.52;1.96;1.98;1.99;2.01;2.02;1.96;1.93;1.9;1.88;1.85;1.67;1.66;1.65;1.63;1.62;1.38;1.36;1.33;1.3;0.62;0.64;0.65;0.66;0.67;0.79;0.8;0.81;0.81;0.82;0.85;0.84;0.84;0.83;0.83;0.79;0.79;0.78;0.77;0.77;0.66;0.65;0.6;0.63;0.67;0.71;0.74;0.76;0.77;0.79;0.8;0.81;0.81;0.8;0.79;0.78;0.77;0.76;0.75;0.72;0.7;0.67;0.64;0.62;0.58;0.59;0.64;0.68;0.72;0.73;0.74;0.76;0.77;0.78;0.77;0.77;0.76;0.74;0.73;0.72;0.72;0.7;0.67;0.64;0.62;0.6;0.55;0.56;0.6;0.66;0.69;0.69;0.7;0.72;0.74;0.74;0.74;0.73;0.72;0.71;0.7;0.69;0.69;0.67;0.64;0.61;0.59;0.58;0.53;0.54;0.55;0.65;0.65;0.66;0.66;0.67;0.71;0.71;0.7;0.7;0.69;0.67;0.66;0.66;0.65;0.65;0.6;0.59;0.57;0.55;0.29;0.3;0.3;0.31;0.31;0.35;0.35;0.35;0.35;0.36;0.38;0.38;0.38;0.38;0.38;0.36;0.35;0.35;0.35;0.35;0.3;0.3;0.28;0.29;0.3;0.31;0.33;0.33;0.34;0.35;0.35;0.36;0.36;0.36;0.36;0.35;0.35;0.34;0.34;0.32;0.31;0.3;0.29;0.28;0.27;0.27;0.29;0.3;0.31;0.32;0.32;0.33;0.34;0.35;0.35;0.35;0.34;0.34;0.33;0.33;0.32;0.31;0.3;0.28;0.28;0.27;0.26;0.26;0.27;0.29;0.3;0.3;0.31;0.31;0.32;0.33;0.33;0.33;0.33;0.32;0.31;0.31;0.31;0.3;0.28;0.27;0.26;0.26;0.25;0.25;0.25;0.28;0.29;0.29;0.29;0.29;0.31;0.31;0.32;0.32;0.32;0.3;0.3;0.3;0.29;0.29;0.26;0.26;0.25;0.25;0.17;0.18;0.18;0.18;0.19;0.18;0.19;0.19;0.19;0.19;0.2;0.2;0.2;0.2;0.2;0.2;0.2;0.19;0.19;0.19;0.19;0.18;0.17;0.17;0.17;0.17;0.18;0.18;0.18;0.18;0.19;0.19;0.19;0.19;0.19;0.19;0.19;0.19;0.19;0.19;0.18;0.18;0.18;0.17;0.16;0.16;0.17;0.17;0.17;0.17;0.17;0.17;0.18;0.18;0.18;0.18;0.18;0.18;0.18;0.18;0.18;0.18;0.18;0.17;0.17;0.17;0.15;0.16;0.16;0.16;0.16;0.16;0.16;0.17;0.17;0.17;0.17;0.17;0.17;0.18;0.17;0.17;0.17;0.17;0.17;0.17;0.16;0.16;0.15;0.15;0.15;0.15;0.15;0.15;0.15;0.15;0.16;0.16;0.16;0.16;0.16;0.17;0.17;0.16;0.16;0.16;0.16;0.16;0.16;0.15;,50.98;50.98;50.98;50.98;50.32;50.98;50.32;50.98;50.32;50.98;49.63;50.29;48.12;49.63;48.78;49.63;47.49;48.87;46.16;47.36;43.42;43.41;42.79;39.21;41.42;33.73;40.62;31.39;40.53;31.06;42.04;37.28;42.81;40.57;42.71;42.57;43.48;41.96;43.44;37.98;
WWRSouth0.5_SillHT0.9_WindowHT0.8_BalconyDepth0.6_WWRWest0_X1_Y1.5,0.5,0.9,0.8,0.6,0,1,1.5,12.12,False,43.7,9.48;9.63;9.77;9.92;10.06;11.5;11.57;11.65;11.73;11.81;12.72;12.66;12.6;12.54;9.1;9.43;9.91;10.35;10.77;11.01;11.26;11.62;11.9;12.13;12.18;12.12;12.06;12.0;8.72;8.93;9.47;9.93;10.38;10.52;10.66;11.09;11.4;11.66;11.64;11.58;11.52;11.46;8.34;8.48;8.94;9.58;9.95;10.03;10.11;10.48;10.96;11.16;11.09;11.03;10.97;10.91;7.96;8.1;8.25;9.39;9.47;9.55;9.62;9.7;10.67;10.61;10.55;10.49;10.43;3.01;2.03;2.04;2.05;2.07;2.08;2.69;2.69;2.7;2.71;2.85;2.99;2.95;2.92;2.88;1.94;2.03;2.19;2.34;2.49;2.57;2.58;2.59;2.59;2.66;2.86;2.83;2.79;2.76;1.86;1.9;2.08;2.24;2.42;2.46;2.46;2.47;2.48;2.48;2.74;2.7;2.67;2.63;1.77;1.78;1.94;2.19;2.33;2.34;2.35;2.35;2.36;1.3;1.31;1.39;1.62;1.94;1.68;1.7;1.71;2.21;2.22;1.81;1.5;1.3;1.24;1.24;1.25;1.25;1.26;1.27;0.7;0.7;0.71;0.71;0.72;1.17;1.17;1.18;1.18;1.19;1.19;1.2;1.2;1.21;0.67;0.67;0.68;0.68;0.69;0.7;0.75;0.83;0.92;1.03;1.14;1.14;1.15;0.64;0.64;0.64;0.64;0.65;0.66;0.67;0.68;0.71;0.8;0.83;0.74;0.64;0.61;0.61;0.61;0.61;0.61;0.62;0.63;0.64;0.65;0.66;0.67;0.63;0.58;0.58;0.58;0.59;0.58;0.58;0.58;0.59;0.6;0.61;0.62;0.63;0.64;0.41;0.44;0.47;0.5;0.53;0.3;0.3;0.3;0.32;0.43;0.49;0.43;0.4;0.39;0.4;0.41;0.42;0.45;0.49;0.29;0.29;0.29;0.28;0.28;0.35;0.36;0.37;0.37;0.38;0.39;0.4;0.41;0.42;0.27;0.27;0.27;0.27;0.27;0.27;0.28;0.29;0.31;0.34;0.38;0.38;0.39;0.29;0.26;0.26;0.25;0.25;0.25;0.26;0.26;0.26;0.28;0.3;0.29;0.28;0.27;0.27;0.25;0.25;0.24;0.24;0.24;0.24;0.25;0.25;0.25;0.25;0.26;0.26;0.26;0.26;0.17;0.18;0.19;0.2;0.22;0.23;0.23;0.24;0.24;0.19;0.19;0.2;0.21;0.23;0.17;0.17;0.17;0.18;0.2;0.21;0.2;0.19;0.18;0.18;0.18;0.18;0.19;0.21;0.16;0.16;0.17;0.17;0.18;0.18;0.18;0.18;0.18;0.17;0.17;0.17;0.17;0.16;0.15;0.16;0.16;0.17;0.18;0.18;0.18;0.18;0.17;0.17;0.16;0.16;0.16;0.15;0.16;0.17;0.17;0.17;0.18;0.18;0.18;0.18;0.17;0.16;0.16;0.15;0.15;0.14;,50.98;50.98;50.98;50.98;50.98;50.98;50.29;50.29;50.98;49.54;50.29;50.98;49.54;50.29;50.29;48.89;49.54;50.29;48.21;48.24;50.32;48.25;46.17;46.73;47.67;44.15;20.67;46.89;42.08;15.7;46.13;42.08;15.7;46.19;43.4;16.99;46.82;46.08;42.68;
WWRSouth0.6_SillHT0.8_WindowHT1.2_BalconyDepth1.2_WWRWest0_X1.4_Y1,0.6,0.8,1.2,1.2,0,1.4,1,11.2,False,40.2,11.15;11.1;11.05;11.0;10.96;9.15;9.17;9.2;9.22;9.24;11.5;11.55;11.6;11.65;11.69;11.81;11.81;11.81;11.81;11.81;10.67;10.41;9.87;9.38;8.92;8.76;9.0;9.57;10.14;10.73;11.01;11.09;11.18;11.24;11.29;11.3;11.3;11.3;11.3;11.3;10.19;10.1;9.46;8.93;8.38;8.36;8.43;9.1;9.73;10.42;10.52;10.57;10.68;10.75;10.79;10.79;10.79;10.79;10.79;10.79;9.72;9.67;9.19;8.34;7.95;7.97;7.99;8.49;9.46;9.98;10.03;10.08;10.16;10.26;10.28;10.28;10.29;10.29;10.29;2.98;9.24;9.19;9.15;7.53;7.56;7.58;7.6;7.63;9.44;9.49;9.54;9.58;9.63;9.78;9.78;7.29;4.93;3.44;2.95;2.88;1.71;1.73;1.75;1.77;1.79;2.25;2.26;2.27;2.28;2.29;2.34;2.33;2.32;2.31;2.31;3.09;3.01;2.93;2.85;2.77;1.64;1.71;1.85;1.98;2.1;2.16;2.18;2.21;2.23;2.24;2.24;2.23;2.22;2.21;2.2;1.71;1.8;2.01;2.2;2.43;1.57;1.6;1.76;1.9;2.04;2.06;2.07;2.11;2.13;2.15;2.14;2.07;1.93;1.79;1.66;1.64;1.63;1.68;1.89;2.2;1.5;1.52;1.64;1.85;1.95;1.96;1.97;2.0;2.04;2.05;2.04;2.02;1.82;1.66;1.58;1.57;1.55;1.54;1.53;1.51;1.43;1.45;1.47;1.85;1.86;1.87;1.88;1.88;1.96;1.95;1.94;1.93;1.65;1.52;1.51;1.49;1.48;1.47;1.45;0.73;0.58;0.59;0.6;0.61;0.62;0.77;0.77;0.78;0.78;0.78;0.82;0.82;0.81;0.87;1.12;1.16;0.91;0.75;0.71;0.7;0.56;0.58;0.63;0.68;0.72;0.74;0.75;0.76;0.77;0.78;0.78;0.78;0.78;0.78;0.78;0.7;0.69;0.68;0.67;0.67;0.53;0.55;0.6;0.65;0.7;0.7;0.71;0.72;0.74;0.75;0.75;0.75;0.74;0.74;0.74;0.53;0.53;0.56;0.58;0.61;0.51;0.52;0.56;0.63;0.67;0.67;0.67;0.69;0.71;0.71;0.71;0.67;0.6;0.54;0.51;0.5;0.5;0.5;0.52;0.56;0.49;0.5;0.51;0.63;0.64;0.64;0.64;0.64;0.68;0.68;0.68;0.66;0.52;0.49;0.49;0.48;0.48;0.47;0.47;0.46;0.28;0.28;0.28;0.29;0.29;0.34;0.34;0.34;0.35;0.35;0.37;0.37;0.38;0.41;0.44;0.46;0.46;0.45;0.45;0.29;0.27;0.27;0.29;0.3;0.32;0.32;0.33;0.33;0.34;0.35;0.35;0.35;0.36;0.37;0.41;0.38;0.32;0.29;0.28;0.28;0.26;0.26;0.28;0.29;0.31;0.31;0.31;0.32;0.33;0.33;0.34;0.34;0.34;0.34;0.34;0.27;0.27;0.27;0.27;0.26;0.24;0.25;0.26;0.28;0.29;0.29;0.3;0.3;0.31;0.32;0.32;0.32;0.32;0.33;0.23;0.23;0.23;0.24;0.25;0.25;0.23;0.24;0.24;0.28;0.28;0.28;0.28;0.29;0.3;0.3;0.27;0.25;0.23;0.22;0.22;0.22;0.22;0.22;0.23;0.24;0.16;0.16;0.17;0.17;0.17;0.19;0.19;0.19;0.19;0.2;0.22;0.21;0.21;0.21;0.21;0.21;0.21;0.2;0.2;0.16;0.16;0.16;0.17;0.17;0.18;0.18;0.18;0.19;0.19;0.19;0.19;0.19;0.19;0.19;0.2;0.19;0.18;0.16;0.16;0.15;0.15;0.15;0.16;0.17;0.17;0.17;0.18;0.18;0.18;0.18;0.18;0.18;0.18;0.18;0.19;0.19;0.16;0.15;0.15;0.15;0.14;0.15;0.15;0.16;0.17;0.17;0.17;0.17;0.17;0.18;0.17;0.17;0.17;0.17;0.17;0.19;0.18;0.17;0.16;0.15;0.14;0.14;0.14;0.16;0.16;0.16;0.16;0.17;0.17;0.17;0.17;0.17;0.18;0.19;0.19;0.18;0.17;0.17;0.16;0.14;,50.98;50.98;50.98;50.32;50.98;50.98;50.32;50.98;50.98;50.32;50.98;50.98;50.32;50.32;50.98;48.78;49.63;50.29;48.78;49.63;50.29;47.49;48.12;48.96;45.46;46.84;47.46;45.58;44.79;44.0;43.43;41.26;36.48;42.72;38.02;28.38;40.47;37.2;24.17;42.55;37.31;28.38;41.94;39.06;34.46;44.1;43.35;42.06;44.0;44.07;43.84;44.05;42.57;39.35;
WWRSouth0.4_SillHT0.8_WindowHT1.2_BalconyDepth0_WWRWest0_X1.1_Y1.3,0.4,0.8,1.2,0,0,1.1,1.3,8.72,False,33.3,8.91;9.04;9.18;9.31;9.45;10.48;10.48;10.47;10.46;10.46;10.49;10.46;10.44;10.41;10.39;8.96;8.55;8.89;9.29;9.63;9.9;10.03;10.04;10.06;10.06;10.06;10.04;9.86;9.57;9.25;8.88;8.59;8.19;8.44;8.88;9.23;9.52;9.58;9.58;9.6;9.61;9.61;9.59;9.49;9.17;8.83;8.42;8.22;7.84;7.97;8.41;8.88;9.14;9.13;9.12;9.15;9.17;9.16;9.14;9.11;8.82;8.35;7.96;7.85;7.48;7.61;7.75;8.69;8.69;8.68;8.67;8.67;8.74;8.71;8.69;8.66;8.64;7.69;7.59;7.48;0.92;0.93;0.94;0.96;0.97;1.31;1.32;1.33;1.33;1.34;1.32;1.31;1.3;1.29;1.29;0.95;0.88;0.94;1.03;1.11;1.2;1.25;1.27;1.28;1.28;1.27;1.26;1.21;1.14;1.06;0.97;0.91;0.84;0.88;0.98;1.07;1.16;1.2;1.21;1.22;1.22;1.21;1.2;1.18;1.09;1.01;0.92;0.88;0.81;0.82;0.91;1.04;1.13;1.14;1.15;1.16;1.17;1.16;1.15;1.14;1.06;0.95;0.86;0.84;0.77;0.78;0.79;1.07;1.08;1.09;1.1;1.1;1.11;1.1;1.09;1.08;1.08;0.84;0.82;0.8;0.26;0.25;0.25;0.25;0.25;0.35;0.36;0.37;0.38;0.39;0.35;0.35;0.35;0.36;0.36;0.27;0.25;0.25;0.27;0.29;0.32;0.34;0.35;0.35;0.35;0.35;0.34;0.33;0.32;0.3;0.27;0.26;0.24;0.24;0.26;0.29;0.32;0.34;0.35;0.35;0.34;0.33;0.33;0.33;0.31;0.28;0.26;0.25;0.23;0.22;0.24;0.29;0.32;0.33;0.34;0.34;0.33;0.32;0.32;0.32;0.3;0.27;0.24;0.24;0.22;0.21;0.21;0.31;0.32;0.33;0.34;0.35;0.31;0.31;0.31;0.31;0.31;0.24;0.23;0.23;0.1;0.1;0.11;0.11;0.11;0.08;0.08;0.09;0.09;0.09;0.13;0.13;0.13;0.13;0.13;0.12;0.1;0.1;0.09;0.09;0.08;0.08;0.09;0.1;0.1;0.11;0.12;0.12;0.13;0.12;0.12;0.12;0.09;0.09;0.09;0.08;0.08;0.08;0.08;0.09;0.1;0.11;0.12;0.12;0.12;0.12;0.12;0.11;0.09;0.09;0.09;0.08;0.07;0.07;0.07;0.08;0.1;0.11;0.11;0.11;0.12;0.12;0.11;0.11;0.09;0.09;0.09;0.07;0.07;0.07;0.07;0.07;0.1;0.1;0.11;0.11;0.11;0.11;0.11;0.11;0.04;0.04;0.04;0.04;0.04;0.06;0.06;0.06;0.06;0.06;0.07;0.07;0.07;0.07;0.07;0.05;0.04;0.04;0.05;0.05;0.05;0.06;0.06;0.06;0.06;0.06;0.06;0.06;0.06;0.05;0.05;0.05;0.04;0.04;0.04;0.05;0.05;0.05;0.06;0.06;0.06;0.06;0.06;0.06;0.06;0.05;0.05;0.05;0.04;0.04;0.04;0.05;0.05;0.05;0.05;0.06;0.06;0.06;0.06;0.06;0.05;0.05;0.04;0.04;0.03;0.03;0.03;0.05;0.05;0.05;0.05;0.05;0.06;0.06;0.06;0.06;0.06;0.04;0.04;0.04;,50.98;50.98;50.98;50.98;50.98;50.98;50.29;50.29;50.29;50.29;50.29;50.29;50.29;50.29;50.29;50.29;50.29;50.29;50.98;50.98;50.98;50.98;50.98;50.98;50.98;50.98;50.98;50.98;
WWRSouth0.6_SillHT1_WindowHT0.8_BalconyDepth0_WWRWest0_X1.1_Y1.3,0.6,1,0.8,0,0,1.1,1.3,14.22,True,53,11.2;11.4;11.59;11.79;11.99;13.19;13.22;13.25;13.28;13.31;13.2;13.18;13.15;13.12;13.09;11.11;10.76;11.19;11.69;12.1;12.44;12.62;12.67;12.7;12.7;12.68;12.64;12.46;12.12;11.69;11.16;10.69;10.32;10.64;11.18;11.6;11.95;12.06;12.1;12.13;12.14;12.11;12.07;11.97;11.63;11.2;10.63;10.28;9.89;10.08;10.61;11.15;11.46;11.49;11.52;11.56;11.57;11.53;11.51;11.48;11.19;10.64;10.09;9.86;9.45;9.64;9.84;10.87;10.9;10.93;10.96;10.99;11.0;10.97;10.94;10.91;10.88;9.91;9.68;9.44;2.6;2.66;2.72;2.78;2.84;3.49;3.5;3.51;3.53;3.54;3.45;3.43;3.41;3.4;3.38;2.5;2.51;2.68;2.89;3.08;3.25;3.34;3.36;3.36;3.35;3.33;3.3;3.2;3.03;2.84;2.61;2.43;2.41;2.53;2.77;2.96;3.14;3.19;3.21;3.21;3.2;3.18;3.15;3.1;2.92;2.72;2.48;2.35;2.32;2.38;2.61;2.87;3.03;3.04;3.05;3.06;3.05;3.02;3.01;2.99;2.84;2.58;2.35;2.27;2.23;2.29;2.35;2.87;2.88;2.89;2.91;2.92;2.89;2.88;2.86;2.84;2.83;2.35;2.27;2.2;1.01;1.02;1.04;1.05;1.06;1.2;1.21;1.21;1.22;1.23;1.2;1.19;1.18;1.17;1.16;0.95;0.97;1.0;1.05;1.09;1.13;1.15;1.16;1.17;1.17;1.16;1.15;1.11;1.06;1.01;0.95;0.91;0.93;0.95;1.0;1.04;1.08;1.1;1.11;1.12;1.12;1.11;1.1;1.07;1.01;0.96;0.9;0.88;0.88;0.9;0.95;1.0;1.04;1.05;1.05;1.06;1.06;1.05;1.05;1.04;0.98;0.9;0.85;0.84;0.84;0.86;0.87;0.98;0.99;1.0;1.0;1.01;1.01;1.0;0.99;0.99;0.98;0.82;0.81;0.8;0.49;0.5;0.51;0.52;0.53;0.56;0.56;0.56;0.56;0.56;0.56;0.55;0.55;0.54;0.54;0.49;0.47;0.49;0.51;0.52;0.53;0.53;0.54;0.54;0.54;0.54;0.53;0.52;0.51;0.49;0.48;0.47;0.45;0.47;0.49;0.5;0.51;0.51;0.51;0.52;0.52;0.52;0.51;0.5;0.48;0.47;0.46;0.45;0.44;0.45;0.47;0.48;0.48;0.48;0.48;0.49;0.49;0.49;0.49;0.48;0.46;0.44;0.43;0.43;0.42;0.43;0.44;0.46;0.46;0.46;0.46;0.46;0.48;0.47;0.46;0.46;0.45;0.41;0.41;0.41;0.29;0.29;0.29;0.29;0.3;0.3;0.3;0.31;0.31;0.31;0.31;0.31;0.3;0.3;0.3;0.26;0.27;0.28;0.28;0.28;0.29;0.29;0.29;0.3;0.3;0.3;0.3;0.29;0.28;0.27;0.26;0.25;0.26;0.27;0.27;0.27;0.27;0.28;0.28;0.29;0.29;0.29;0.28;0.28;0.27;0.26;0.24;0.24;0.25;0.25;0.26;0.26;0.26;0.26;0.27;0.27;0.28;0.27;0.27;0.27;0.26;0.24;0.23;0.23;0.24;0.24;0.24;0.25;0.25;0.25;0.25;0.26;0.27;0.26;0.26;0.25;0.25;0.23;0.22;0.22;,50.98;50.98;50.98;50.98;50.98;50.98;50.98;50.98;50.98;50.29;50.29;50.98;50.29;50.29;51.68;50.29;50.29;51.68;50.29;50.29;51.68;50.29;50.29;51.68;50.29;50.29;51.68;50.98;50.98;51.68;50.98;50.98;51.68;50.98;50.98;51.68;50.98;50.98;51.68;50.98;50.98;51.68;
WWRSouth0.25_SillHT1.1_WindowHT1.0_BalconyDepth1.2_WWRWest0_X1.5_Y1.2,0.25,1.1,1,1.2,0,1.5,1.2,8.4,False,29.8,6.78;6.86;6.94;7.02;7.11;6.46;6.49;6.52;6.55;6.58;6.51;6.45;6.38;6.32;6.25;7.9;7.8;7.7;7.59;7.49;8.06;8.03;6.5;6.51;6.45;6.36;6.24;6.18;6.25;6.31;6.33;6.3;6.24;6.41;6.78;7.13;7.46;7.58;7.52;7.54;7.59;7.67;7.71;7.68;6.22;6.27;6.18;6.07;5.91;5.91;5.95;6.04;6.06;6.03;5.97;5.99;6.46;6.85;7.27;7.25;7.17;7.2;7.26;7.37;7.37;7.34;5.94;6.02;5.95;5.74;5.6;5.63;5.66;5.74;5.8;5.76;5.69;5.63;6.02;6.69;7.03;6.93;6.83;6.83;6.96;7.06;7.03;6.99;5.66;5.74;5.82;5.3;5.33;5.36;5.39;5.41;5.55;5.49;5.42;5.36;5.29;6.81;6.71;6.61;6.5;6.4;6.75;6.71;6.68;6.65;0.98;0.99;0.99;1.0;1.0;1.33;1.33;1.33;1.33;1.32;1.19;1.18;1.17;1.17;1.16;1.03;1.02;1.01;0.99;0.98;0.85;0.84;0.94;0.99;1.08;1.16;1.24;1.28;1.26;1.23;1.2;1.16;1.14;1.12;1.08;1.05;1.01;0.98;0.96;0.91;0.87;0.83;0.81;0.81;0.9;0.92;1.02;1.11;1.21;1.22;1.21;1.18;1.14;1.1;1.09;1.08;1.04;1.0;0.96;0.94;0.92;0.88;0.83;0.79;0.78;0.77;0.86;0.86;0.95;1.09;1.16;1.16;1.16;1.13;1.08;1.05;1.04;1.03;1.0;0.95;0.91;0.9;0.89;0.85;0.78;0.75;0.74;0.73;0.81;0.82;0.83;1.11;1.11;1.1;1.1;1.1;1.01;1.0;0.99;0.98;0.97;0.88;0.87;0.86;0.85;0.83;0.72;0.71;0.7;0.7;0.32;0.33;0.34;0.35;0.36;0.4;0.4;0.4;0.4;0.4;0.39;0.39;0.39;0.39;0.38;0.33;0.33;0.32;0.32;0.31;0.27;0.26;0.31;0.33;0.35;0.36;0.38;0.38;0.38;0.39;0.38;0.38;0.38;0.37;0.36;0.34;0.33;0.32;0.31;0.3;0.29;0.27;0.26;0.26;0.3;0.31;0.33;0.35;0.36;0.36;0.37;0.37;0.37;0.36;0.36;0.36;0.34;0.33;0.31;0.31;0.3;0.29;0.27;0.26;0.25;0.25;0.29;0.3;0.32;0.34;0.35;0.35;0.35;0.35;0.35;0.35;0.34;0.34;0.33;0.31;0.3;0.29;0.29;0.28;0.26;0.25;0.24;0.24;0.28;0.29;0.29;0.33;0.33;0.33;0.33;0.33;0.33;0.33;0.33;0.32;0.32;0.29;0.28;0.28;0.27;0.27;0.25;0.24;0.23;0.23;0.16;0.16;0.16;0.16;0.17;0.17;0.17;0.17;0.17;0.17;0.19;0.19;0.19;0.19;0.19;0.17;0.17;0.17;0.17;0.17;0.15;0.15;0.15;0.15;0.16;0.16;0.16;0.16;0.17;0.17;0.18;0.18;0.18;0.18;0.18;0.17;0.17;0.17;0.16;0.16;0.15;0.15;0.15;0.14;0.14;0.15;0.15;0.15;0.15;0.15;0.16;0.16;0.17;0.17;0.17;0.17;0.17;0.17;0.16;0.16;0.16;0.15;0.15;0.14;0.14;0.14;0.14;0.14;0.14;0.14;0.15;0.15;0.15;0.15;0.16;0.17;0.17;0.17;0.16;0.16;0.15;0.15;0.15;0.15;0.14;0.14;0.13;0.13;0.13;0.13;0.14;0.14;0.14;0.14;0.14;0.14;0.16;0.16;0.16;0.16;0.16;0.15;0.15;0.14;0.14;0.14;0.13;0.13;0.13;0.13;0.09;0.09;0.09;0.1;0.1;0.1;0.1;0.1;0.1;0.11;0.1;0.1;0.1;0.1;0.1;0.1;0.1;0.1;0.1;0.1;0.09;0.09;0.09;0.09;0.09;0.09;0.1;0.1;0.1;0.1;0.1;0.1;0.1;0.1;0.1;0.1;0.1;0.1;0.1;0.1;0.09;0.09;0.09;0.09;0.08;0.09;0.09;0.09;0.09;0.09;0.09;0.1;0.1;0.1;0.1;0.1;0.1;0.1;0.09;0.09;0.09;0.09;0.09;0.08;0.08;0.08;0.08;0.08;0.08;0.09;0.09;0.09;0.09;0.09;0.09;0.09;0.09;0.09;0.09;0.09;0.09;0.09;0.09;0.09;0.08;0.08;0.08;0.08;0.08;0.08;0.08;0.08;0.08;0.08;0.09;0.09;0.09;0.09;0.09;0.09;0.09;0.09;0.09;0.09;0.09;0.09;0.08;0.08;0.08;0.08;,50.98;50.98;50.98;50.98;50.98;50.98;50.98;50.98;50.32;50.98;50.98;50.98;50.32;50.32;50.98;50.98;
WWRSouth0.1_SillHT0.8_WindowHT1.0_BalconyDepth0.9_WWRWest0_X1.3_Y1.4,0.1,0.8,1,0.9,0,1.3,1.4,2.2,False,2.7,0.04;0.04;0.04;0.04;0.04;0.04;0.04;0.04;0.04;0.04;0.04;0.04;0.04;0.04;0.04;0.04;0.04;0.04;0.04;0.04;0.04;0.04;0.04;0.04;0.04;0.04;0.04;0.04;0.04;0.04;0.04;0.04;0.04;0.04;0.04;0.04;0.04;0.04;0.04;0.04;0.04;0.04;0.04;0.04;0.04;0.04;0.04;0.04;0.04;0.04;0.04;0.04;0.04;0.04;0.04;0.04;0.04;0.04;0.04;0.04;0.04;0.04;0.05;0.05;0.05;0.04;0.04;0.04;0.04;0.04;0.04;0.04;0.04;0.04;0.04;0.04;0.04;0.04;0.04;0.05;0.05;0.05;0.05;0.05;0.04;0.04;0.04;0.04;0.04;0.05;0.05;0.04;0.04;0.04;0.04;0.04;0.04;0.05;0.05;0.05;0.05;0.05;0.05;0.05;0.06;0.05;0.05;0.05;0.05;0.05;0.05;0.05;0.05;0.05;0.04;0.05;0.05;0.05;0.05;0.05;0.05;0.05;0.05;0.05;0.05;0.05;0.05;0.05;0.05;0.05;0.05;0.05;0.05;0.05;0.05;0.05;0.05;0.06;0.06;0.06;0.06;0.06;0.05;0.05;0.05;0.05;0.05;0.05;0.05;0.05;0.05;0.05;0.05;0.05;0.05;0.06;0.06;0.06;0.06;0.06;0.06;0.05;0.06;0.06;0.06;0.06;0.06;0.06;0.06;0.05;0.05;0.05;0.05;0.05;0.06;0.06;0.06;0.06;0.06;0.06;0.06;0.06;0.06;0.06;0.06;0.06;0.06;0.06;0.06;0.06;0.07;0.07;0.07;0.07;0.07;0.07;0.08;0.08;0.08;0.08;0.06;0.06;0.06;0.06;0.06;0.06;0.06;0.06;0.06;0.07;0.07;0.07;0.07;0.08;0.08;0.08;0.08;0.08;0.08;0.08;0.08;0.08;0.07;0.07;0.06;0.06;0.06;0.06;0.07;0.07;0.08;0.08;0.08;0.08;0.08;0.08;0.09;0.09;0.09;0.09;0.08;0.08;0.07;0.07;0.07;0.07;0.07;0.08;0.08;0.08;0.08;0.08;0.08;0.08;0.09;0.09;0.09;0.09;0.09;0.09;0.09;0.08;0.07;0.07;0.07;0.07;0.08;0.08;0.08;0.08;0.08;0.09;0.09;0.09;0.09;0.09;0.09;0.09;0.09;0.09;0.09;0.09;0.09;0.08;0.08;0.1;0.1;0.1;0.1;0.1;0.13;0.13;0.13;0.13;0.11;0.1;0.1;0.1;0.1;0.1;0.1;0.09;0.09;0.08;0.1;0.11;0.11;0.12;0.13;0.13;0.13;0.13;0.13;0.13;0.11;0.11;0.11;0.1;0.1;0.1;0.1;0.1;0.1;0.1;0.11;0.12;0.13;0.14;0.14;0.14;0.14;0.14;0.14;0.16;0.16;0.15;0.13;0.12;0.1;0.1;0.1;0.14;0.11;0.11;0.12;0.13;0.14;0.14;0.15;0.16;0.16;0.17;0.17;0.16;0.16;0.15;0.14;0.14;0.15;0.15;0.15;0.11;0.11;0.11;0.15;0.15;0.15;0.15;0.17;0.17;0.17;0.17;0.17;0.17;0.17;0.16;0.16;0.16;0.16;0.16;0.37;0.36;0.36;0.35;0.35;0.38;0.39;0.37;0.31;0.24;0.17;0.17;0.17;0.17;0.38;0.37;0.33;0.29;0.23;0.38;0.38;0.37;0.37;0.38;0.39;0.4;0.41;0.39;0.3;0.26;0.32;0.37;0.39;0.4;0.4;0.39;0.35;0.28;0.4;0.39;0.39;0.39;0.4;0.41;0.42;0.42;0.43;0.44;0.38;0.39;0.4;0.4;0.41;0.42;0.43;0.43;0.44;0.41;0.41;0.4;0.4;0.42;0.42;0.43;0.44;0.45;1.07;1.08;0.99;0.83;0.62;0.43;0.43;0.44;0.45;1.45;0.43;0.42;0.42;0.42;0.43;0.73;0.92;1.06;1.11;1.12;1.12;1.13;1.06;0.78;0.96;1.29;1.48;1.54;1.51;,50.98;50.98;50.98;50.98;50.98;50.98;50.98;50.98;50.98;50.98;50.98;50.98;50.98;50.98;50.98;50.98;
WWRSouth0.15_SillHT1.1_WindowHT0.8_BalconyDepth0.9_WWRWest0_X1.3_Y1,0.15,1.1,0.8,0.9,0,1.3,1,0,False,0,,50.98;50.98;50.98;50.98;50.98;50.98;50.98;50.98;50.98;50.98;50.98;50.98;50.98;50.98;50.98;50.98;
WWRSouth0.15_SillHT1_WindowHT1.2_BalconyDepth0_WWRWest0_X1.2_Y1,0.15,1,1.2,0,0,1.2,1,6.06,False,20,2.78;2.89;3.0;3.12;3.23;1.16;1.17;1.18;1.19;1.2;2.21;2.12;2.02;1.92;1.83;5.63;5.5;2.73;2.65;2.29;1.89;1.43;1.21;1.38;1.71;1.98;2.2;2.23;2.58;3.45;4.29;5.12;5.43;5.3;2.68;2.74;2.31;1.87;1.31;1.26;1.32;1.72;2.03;2.3;2.24;2.28;3.32;4.24;5.23;5.22;5.09;2.63;2.75;2.45;1.72;1.3;1.31;1.32;1.64;2.16;2.36;2.26;2.16;2.94;4.43;5.15;5.02;4.89;2.59;2.7;2.81;1.33;1.34;1.35;1.37;1.38;2.47;2.37;2.28;2.18;2.08;5.08;4.95;4.82;4.68;0.29;0.29;0.29;0.29;0.3;0.35;0.34;0.34;0.33;0.32;0.38;0.37;0.36;0.35;0.33;0.32;0.32;0.27;0.29;0.31;0.32;0.34;0.34;0.34;0.35;0.37;0.38;0.37;0.36;0.34;0.33;0.32;0.31;0.3;0.26;0.27;0.29;0.31;0.33;0.32;0.32;0.34;0.36;0.37;0.36;0.35;0.33;0.31;0.3;0.3;0.29;0.25;0.25;0.27;0.31;0.31;0.31;0.3;0.32;0.35;0.36;0.35;0.34;0.32;0.3;0.29;0.28;0.28;0.24;0.24;0.24;0.31;0.3;0.29;0.29;0.28;0.36;0.35;0.34;0.33;0.31;0.28;0.28;0.27;0.27;0.08;0.08;0.08;0.08;0.09;0.09;0.09;0.09;0.1;0.1;0.07;0.07;0.07;0.08;0.08;0.07;0.07;0.08;0.08;0.08;0.08;0.08;0.09;0.09;0.08;0.08;0.07;0.07;0.07;0.07;0.08;0.07;0.07;0.07;0.07;0.08;0.08;0.08;0.08;0.08;0.08;0.08;0.07;0.07;0.07;0.07;0.07;0.07;0.07;0.07;0.07;0.07;0.07;0.07;0.08;0.08;0.08;0.08;0.08;0.07;0.06;0.06;0.06;0.07;0.07;0.07;0.07;0.07;0.07;0.07;0.07;0.07;0.07;0.08;0.08;0.08;0.06;0.06;0.06;0.06;0.06;0.07;0.07;0.07;0.06;0.02;0.02;0.02;0.02;0.02;0.03;0.03;0.03;0.03;0.03;0.02;0.02;0.02;0.02;0.02;0.03;0.03;0.02;0.02;0.03;0.03;0.03;0.03;0.03;0.03;0.03;0.02;0.02;0.02;0.03;0.03;0.03;0.03;0.03;0.02;0.02;0.02;0.03;0.03;0.03;0.03;0.03;0.02;0.02;0.02;0.02;0.03;0.03;0.03;0.03;0.03;0.02;0.02;0.02;0.03;0.03;0.03;0.03;0.03;0.02;0.02;0.02;0.02;0.02;0.03;0.03;0.03;0.03;0.02;0.02;0.02;0.03;0.03;0.03;0.03;0.03;0.02;0.02;0.02;0.02;0.02;0.03;0.03;0.03;0.03;0.02;0.02;0.02;0.02;0.02;0.02;0.02;0.02;0.02;0.02;0.01;0.01;0.01;0.01;0.01;0.01;0.01;0.02;0.02;0.02;0.02;0.02;0.02;0.02;0.02;0.01;0.01;0.01;0.01;0.01;0.01;0.01;0.01;0.01;0.01;0.02;0.02;0.02;0.02;0.02;0.02;0.02;0.01;0.01;0.01;0.01;0.01;0.01;0.01;0.01;0.01;0.01;0.01;0.01;0.02;0.02;0.02;0.02;0.01;0.01;0.01;0.01;0.01;0.01;0.01;0.01;0.01;0.01;0.01;0.01;0.01;0.01;0.01;0.01;0.02;0.02;0.01;0.01;0.01;0.01;0.01;0.01;0.01;0.01;0.01;,50.29;50.29;50.29;50.29;50.29;50.29;50.29;50.29;50.29;50.29;50.29;50.29;50.29;50.29;50.29;50.29;
WWRSouth0.25_SillHT1.1_WindowHT1.0_BalconyDepth0_WWRWest0_X1.5_Y1.5,0.25,1.1,1,0,0,1.5,1.5,9.5,False,36.5,8.03;8.13;8.24;8.35;8.46;9.38;9.4;9.41;9.43;9.45;9.38;9.36;9.35;9.34;9.32;9.35;9.35;9.35;9.35;9.35;8.98;8.93;7.7;7.95;8.3;8.59;8.85;8.98;9.0;9.01;9.01;9.0;8.98;8.96;8.95;8.94;8.94;8.95;8.92;8.86;8.78;8.67;8.59;8.55;7.37;7.53;7.92;8.24;8.52;8.57;8.59;8.61;8.61;8.59;8.57;8.56;8.54;8.54;8.54;8.55;8.54;8.47;8.38;8.27;8.21;8.17;7.04;7.15;7.49;7.93;8.15;8.17;8.19;8.21;8.21;8.19;8.17;8.16;8.14;8.14;8.14;8.14;8.14;8.09;7.97;7.87;7.83;7.78;6.71;6.82;6.93;7.73;7.75;7.77;7.79;7.8;7.8;7.78;7.77;7.75;7.74;7.74;7.74;7.74;7.74;7.74;7.52;7.48;7.44;7.4;0.99;0.97;0.95;0.93;0.91;1.27;1.26;1.26;1.25;1.24;1.35;1.36;1.37;1.37;1.38;1.34;1.35;1.37;1.38;1.4;1.16;1.19;0.95;0.97;1.04;1.1;1.18;1.22;1.22;1.23;1.25;1.27;1.29;1.29;1.28;1.27;1.27;1.28;1.26;1.21;1.17;1.13;1.12;1.15;0.92;0.91;0.99;1.06;1.15;1.16;1.16;1.17;1.19;1.23;1.24;1.24;1.22;1.22;1.21;1.23;1.23;1.17;1.12;1.07;1.08;1.1;0.88;0.86;0.92;1.04;1.12;1.11;1.1;1.11;1.14;1.17;1.18;1.19;1.17;1.15;1.15;1.17;1.19;1.14;1.05;1.01;1.04;1.06;0.84;0.82;0.8;1.07;1.06;1.06;1.05;1.04;1.11;1.11;1.12;1.13;1.13;1.08;1.1;1.12;1.13;1.15;0.94;0.97;0.99;1.02;0.38;0.37;0.36;0.35;0.34;0.48;0.49;0.49;0.5;0.51;0.5;0.5;0.5;0.5;0.5;0.47;0.47;0.46;0.46;0.46;0.44;0.44;0.36;0.37;0.38;0.41;0.45;0.47;0.48;0.49;0.49;0.49;0.49;0.49;0.48;0.47;0.46;0.46;0.45;0.44;0.43;0.43;0.42;0.42;0.35;0.35;0.37;0.4;0.45;0.46;0.47;0.47;0.48;0.48;0.48;0.48;0.47;0.46;0.45;0.44;0.43;0.42;0.41;0.41;0.4;0.41;0.34;0.33;0.35;0.4;0.44;0.45;0.46;0.46;0.47;0.47;0.47;0.47;0.46;0.44;0.43;0.42;0.42;0.41;0.39;0.38;0.39;0.39;0.32;0.31;0.31;0.43;0.43;0.44;0.45;0.45;0.46;0.46;0.46;0.46;0.46;0.42;0.41;0.41;0.41;0.4;0.37;0.37;0.37;0.37;0.17;0.18;0.18;0.19;0.2;0.25;0.26;0.26;0.27;0.27;0.25;0.25;0.25;0.25;0.24;0.28;0.27;0.27;0.26;0.26;0.22;0.22;0.17;0.18;0.2;0.21;0.23;0.24;0.25;0.25;0.24;0.24;0.24;0.24;0.25;0.26;0.26;0.26;0.26;0.24;0.23;0.22;0.21;0.21;0.16;0.17;0.19;0.21;0.23;0.23;0.24;0.24;0.23;0.23;0.22;0.23;0.24;0.25;0.26;0.25;0.25;0.23;0.22;0.21;0.2;0.2;0.16;0.16;0.18;0.2;0.22;0.22;0.23;0.23;0.22;0.21;0.21;0.21;0.22;0.24;0.25;0.24;0.24;0.23;0.21;0.2;0.2;0.19;0.15;0.16;0.16;0.2;0.21;0.21;0.22;0.22;0.2;0.2;0.2;0.2;0.2;0.24;0.24;0.23;0.23;0.22;0.19;0.19;0.19;0.18;0.13;0.13;0.13;0.14;0.14;0.15;0.16;0.16;0.17;0.17;0.18;0.19;0.19;0.19;0.19;0.16;0.16;0.16;0.15;0.15;0.14;0.14;0.12;0.13;0.13;0.14;0.14;0.15;0.16;0.16;0.17;0.18;0.18;0.18;0.17;0.17;0.16;0.15;0.15;0.15;0.14;0.14;0.14;0.13;0.12;0.12;0.13;0.13;0.14;0.14;0.15;0.16;0.16;0.17;0.17;0.17;0.16;0.16;0.15;0.15;0.15;0.14;0.14;0.14;0.13;0.13;0.12;0.12;0.12;0.13;0.13;0.14;0.14;0.15;0.16;0.16;0.16;0.16;0.16;0.15;0.14;0.14;0.14;0.14;0.13;0.13;0.13;0.12;0.11;0.12;0.12;0.12;0.13;0.13;0.14;0.14;0.15;0.15;0.15;0.15;0.15;0.14;0.14;0.14;0.13;0.13;0.13;0.13;0.12;0.12;,50.98;50.98;50.98;50.98;50.98;50.29;50.29;50.29;50.29;50.29;50.29;50.29;50.98;50.98;50.98;50.98;50.98;52.34;52.34;52.34;
WWRSouth0.2_SillHT0.8_WindowHT1.0_BalconyDepth0.3_WWRWest0_X1.2_Y1.3,0.2,0.8,1,0.3,0,1.2,1.3,6.06,False,20,5.32;5.4;5.48;5.56;5.64;3.54;3.65;3.77;3.89;4.01;5.09;5.03;4.96;4.9;4.83;6.43;6.4;5.11;4.92;4.45;4.0;3.57;3.44;3.74;4.2;4.56;4.83;4.88;4.99;5.3;5.63;5.99;6.15;6.13;4.89;4.9;4.32;3.82;3.29;3.34;3.51;4.03;4.41;4.71;4.67;4.66;5.04;5.41;5.85;5.88;5.85;4.68;4.75;4.33;3.5;3.12;3.24;3.36;3.78;4.34;4.53;4.47;4.4;4.68;5.29;5.62;5.6;5.58;4.46;4.54;4.62;2.9;3.02;3.14;3.26;3.38;4.39;4.32;4.26;4.19;4.13;5.37;5.35;5.33;5.3;0.31;0.3;0.3;0.3;0.29;0.41;0.41;0.41;0.42;0.42;0.41;0.42;0.43;0.44;0.45;0.37;0.38;0.31;0.31;0.33;0.35;0.38;0.39;0.39;0.38;0.38;0.38;0.39;0.4;0.39;0.38;0.37;0.37;0.37;0.31;0.3;0.32;0.34;0.37;0.37;0.38;0.37;0.37;0.37;0.38;0.39;0.38;0.37;0.36;0.36;0.37;0.31;0.3;0.31;0.34;0.35;0.36;0.36;0.35;0.35;0.36;0.37;0.38;0.38;0.36;0.35;0.36;0.36;0.31;0.3;0.3;0.33;0.34;0.34;0.34;0.35;0.33;0.34;0.35;0.37;0.38;0.34;0.34;0.35;0.36;0.09;0.09;0.09;0.09;0.08;0.1;0.1;0.1;0.1;0.1;0.1;0.1;0.1;0.1;0.1;0.09;0.09;0.09;0.09;0.09;0.09;0.1;0.1;0.1;0.1;0.1;0.1;0.1;0.1;0.1;0.09;0.09;0.09;0.09;0.09;0.09;0.09;0.09;0.1;0.1;0.1;0.1;0.1;0.1;0.1;0.1;0.09;0.09;0.09;0.09;0.09;0.09;0.08;0.08;0.09;0.09;0.09;0.09;0.09;0.09;0.09;0.09;0.09;0.09;0.09;0.08;0.09;0.09;0.08;0.08;0.08;0.09;0.09;0.09;0.09;0.09;0.09;0.09;0.09;0.09;0.09;0.08;0.08;0.08;0.08;0.05;0.05;0.05;0.05;0.05;0.05;0.05;0.05;0.05;0.05;0.05;0.05;0.05;0.05;0.05;0.05;0.06;0.05;0.05;0.05;0.05;0.05;0.05;0.05;0.05;0.05;0.05;0.05;0.05;0.05;0.05;0.05;0.05;0.05;0.04;0.04;0.04;0.04;0.05;0.05;0.05;0.05;0.05;0.04;0.04;0.04;0.05;0.05;0.05;0.05;0.05;0.04;0.04;0.04;0.04;0.04;0.04;0.04;0.04;0.04;0.04;0.04;0.04;0.04;0.05;0.05;0.05;0.05;0.04;0.04;0.04;0.04;0.04;0.04;0.04;0.04;0.04;0.04;0.04;0.04;0.04;0.04;0.04;0.05;0.05;0.04;0.04;0.04;0.04;0.04;0.03;0.03;0.03;0.03;0.03;0.03;0.03;0.03;0.03;0.03;0.03;0.03;0.04;0.03;0.03;0.03;0.03;0.03;0.03;0.03;0.03;0.03;0.03;0.03;0.03;0.03;0.03;0.03;0.03;0.03;0.03;0.03;0.03;0.03;0.03;0.03;0.03;0.03;0.03;0.03;0.03;0.03;0.03;0.03;0.03;0.03;0.03;0.03;0.03;0.03;0.03;0.03;0.03;0.03;0.03;0.03;0.03;0.03;0.03;0.03;0.03;0.03;0.03;0.03;0.03;0.03;0.03;0.03;0.03;0.03;0.03;0.03;0.03;0.03;0.03;0.03;0.03;0.03;0.03;0.03;,48.89;48.89;49.54;49.54;48.89;48.89;48.89;48.89;49.64;49.64;48.89;48.21;49.64;49.64;49.64;48.21;
WWRSouth0.25_SillHT1_WindowHT0.8_BalconyDepth1.2_WWRWest0_X1_Y1.3,0.25,1,0.8,1.2,0,1,1.3,6.1,False,20,7.09;7.12;7.15;7.18;7.21;7.79;7.8;7.81;7.82;7.83;8.22;8.2;8.18;8.17;6.79;6.89;7.07;7.23;7.38;7.46;7.53;7.65;7.75;7.84;7.87;7.85;7.83;7.81;6.49;6.54;6.74;6.91;7.09;7.12;7.16;7.3;7.41;7.52;7.52;7.5;7.48;7.46;6.18;6.21;6.38;6.63;6.78;6.79;6.8;6.92;7.1;7.18;7.16;7.15;7.13;7.11;5.88;5.91;5.94;6.43;6.44;6.45;6.46;6.47;6.85;6.83;6.81;6.79;6.77;0.9;0.78;0.78;0.78;0.77;0.77;1.01;1.0;0.98;0.97;0.96;0.94;0.92;0.89;0.87;0.75;0.78;0.84;0.9;0.95;0.97;0.96;0.94;0.93;0.92;0.91;0.89;0.86;0.84;0.72;0.73;0.8;0.86;0.93;0.93;0.91;0.9;0.89;0.88;0.88;0.86;0.83;0.81;0.68;0.68;0.74;0.85;0.9;0.89;0.87;0.86;0.85;0.44;0.44;0.45;0.52;0.6;0.65;0.65;0.64;0.87;0.86;0.68;0.55;0.47;0.43;0.43;0.42;0.41;0.4;0.4;0.27;0.27;0.28;0.28;0.28;0.44;0.43;0.42;0.42;0.41;0.4;0.39;0.39;0.38;0.26;0.26;0.27;0.27;0.27;0.24;0.25;0.28;0.31;0.35;0.38;0.38;0.37;0.2;0.25;0.25;0.24;0.24;0.23;0.23;0.22;0.23;0.27;0.28;0.25;0.21;0.2;0.19;0.24;0.24;0.23;0.22;0.22;0.22;0.21;0.21;0.21;0.21;0.2;0.19;0.19;0.18;0.22;0.23;0.22;0.21;0.21;0.21;0.2;0.2;0.2;0.16;0.16;0.16;0.16;0.17;0.14;0.14;0.15;0.15;0.17;0.18;0.17;0.16;0.15;0.15;0.15;0.15;0.15;0.16;0.14;0.14;0.14;0.14;0.14;0.15;0.15;0.15;0.15;0.14;0.14;0.14;0.14;0.13;0.13;0.13;0.13;0.14;0.14;0.12;0.12;0.13;0.13;0.13;0.13;0.13;0.13;0.09;0.12;0.12;0.12;0.12;0.12;0.12;0.12;0.12;0.12;0.12;0.11;0.1;0.09;0.09;0.12;0.12;0.12;0.11;0.11;0.11;0.11;0.11;0.11;0.1;0.09;0.09;0.09;0.09;0.09;0.09;0.09;0.1;0.1;0.11;0.11;0.11;0.11;0.08;0.08;0.08;0.08;0.08;0.09;0.09;0.09;0.09;0.1;0.09;0.09;0.08;0.08;0.08;0.08;0.08;0.08;0.08;0.08;0.08;0.08;0.08;0.08;0.08;0.08;0.08;0.08;0.08;0.07;0.07;0.07;0.07;0.08;0.08;0.08;0.08;0.08;0.08;0.08;0.07;0.07;0.07;0.07;0.07;0.07;0.07;0.07;0.07;0.07;0.07;0.07;0.07;0.07;0.07;0.07;0.07;0.07;0.07;0.07;0.07;,50.32;50.98;50.32;50.32;49.63;49.63;48.78;49.63;48.78;48.12;46.84;48.12;44.81;46.16;44.22;42.04;41.5;39.39;41.3;35.3;39.79;34.61;40.61;38.76;42.73;40.52;
WWRSouth0.35_SillHT1_WindowHT1.2_BalconyDepth0.3_WWRWest0_X1_Y1.4,0.35,1,1.2,0.3,0,1,1.4,9.88,False,34.9,9.09;9.21;9.34;9.46;9.58;10.63;10.65;10.67;10.7;10.72;10.76;10.75;10.74;10.74;8.72;9.0;9.4;9.74;10.03;10.17;10.21;10.25;10.28;10.3;10.3;10.29;10.28;10.28;8.35;8.53;8.98;9.33;9.65;9.72;9.75;9.79;9.82;9.84;9.83;9.83;9.82;9.81;7.98;8.1;8.49;8.98;9.24;9.26;9.28;9.33;9.37;9.38;9.37;9.36;9.36;9.35;7.61;7.73;7.85;8.76;8.78;8.81;8.83;8.85;8.92;8.92;8.91;8.9;8.9;1.6;1.09;1.11;1.13;1.15;1.16;1.51;1.51;1.51;1.51;1.57;1.61;1.59;1.56;1.54;1.05;1.11;1.22;1.31;1.4;1.44;1.44;1.45;1.45;1.47;1.55;1.52;1.5;1.47;1.0;1.04;1.16;1.26;1.36;1.38;1.38;1.38;1.38;1.38;1.49;1.46;1.44;1.41;0.96;0.98;1.08;1.23;1.31;1.31;1.32;1.32;1.32;0.63;0.64;0.69;0.82;1.01;0.92;0.94;0.95;1.25;1.25;0.98;0.77;0.64;0.6;0.61;0.61;0.61;0.61;0.62;0.33;0.34;0.34;0.35;0.35;0.57;0.57;0.57;0.58;0.58;0.58;0.58;0.59;0.59;0.32;0.32;0.33;0.33;0.34;0.32;0.34;0.38;0.43;0.49;0.56;0.56;0.56;0.27;0.3;0.31;0.32;0.32;0.32;0.32;0.32;0.33;0.37;0.38;0.34;0.28;0.27;0.26;0.29;0.3;0.31;0.32;0.32;0.32;0.31;0.31;0.31;0.28;0.26;0.26;0.26;0.26;0.28;0.28;0.31;0.32;0.31;0.31;0.31;0.3;0.3;0.13;0.15;0.17;0.19;0.22;0.12;0.12;0.13;0.15;0.22;0.23;0.17;0.14;0.13;0.13;0.13;0.14;0.16;0.2;0.12;0.12;0.12;0.13;0.13;0.12;0.12;0.12;0.12;0.12;0.12;0.13;0.13;0.13;0.11;0.12;0.12;0.12;0.13;0.1;0.1;0.1;0.11;0.11;0.12;0.12;0.12;0.1;0.11;0.11;0.1;0.09;0.09;0.09;0.09;0.09;0.1;0.11;0.11;0.1;0.1;0.1;0.1;0.1;0.09;0.09;0.09;0.09;0.09;0.09;0.09;0.1;0.1;0.1;0.1;0.1;0.07;0.07;0.07;0.07;0.08;0.08;0.08;0.09;0.09;0.07;0.07;0.08;0.08;0.09;0.06;0.06;0.07;0.07;0.07;0.07;0.07;0.06;0.06;0.06;0.06;0.07;0.07;0.08;0.06;0.06;0.06;0.07;0.07;0.06;0.06;0.06;0.06;0.06;0.06;0.06;0.06;0.06;0.06;0.06;0.06;0.06;0.04;0.05;0.05;0.05;0.06;0.06;0.06;0.06;0.06;0.05;0.05;0.04;0.04;0.04;0.04;0.04;0.05;0.05;0.05;0.05;0.05;0.05;0.05;0.04;,50.98;50.98;50.98;50.98;50.29;50.29;49.54;50.29;49.54;50.29;48.89;49.54;48.89;48.89;49.64;48.21;49.79;47.63;50.43;47.63;50.43;48.38;49.03;48.31;48.93;49.58;
WWRSouth0.45_SillHT0.9_WindowHT1.2_BalconyDepth1.2_WWRWest0_X1.5_Y1.3,0.45,0.9,1.2,1.2,0,1.5,1.3,10.7,False,38.5,8.08;8.23;8.37;8.51;8.66;8.47;8.43;8.38;8.34;8.3;10.27;10.35;10.42;10.5;10.57;11.53;11.51;11.5;11.48;11.47;11.45;11.44;7.77;7.96;8.12;8.19;8.17;8.11;8.25;8.62;9.06;9.77;10.17;10.35;10.54;10.74;10.94;11.03;11.02;11.0;10.99;10.97;10.96;10.94;7.45;7.61;7.79;7.85;7.8;7.75;7.78;8.2;8.66;9.39;9.71;9.89;10.08;10.28;10.51;10.54;10.52;10.51;10.49;10.48;10.46;10.45;7.13;7.28;7.44;7.49;7.43;7.38;7.34;7.69;8.39;8.89;9.15;9.4;9.62;9.89;10.06;10.04;10.03;10.01;10.0;9.98;9.97;2.7;6.81;6.96;7.1;7.11;7.07;7.02;6.98;6.94;8.38;8.46;8.53;8.61;9.24;9.58;9.56;9.55;9.53;5.89;3.37;2.69;2.64;2.6;1.29;1.31;1.33;1.35;1.36;1.83;1.84;1.85;1.87;1.88;1.95;1.96;1.97;1.98;1.99;1.93;1.92;1.94;2.18;2.41;2.53;2.49;1.24;1.31;1.44;1.56;1.68;1.75;1.77;1.8;1.83;1.85;1.87;1.88;1.89;1.89;1.87;1.85;1.84;1.82;1.96;2.26;2.43;2.38;1.19;1.23;1.37;1.5;1.64;1.67;1.69;1.72;1.75;1.78;1.79;1.8;1.81;1.8;1.79;1.77;1.76;1.74;1.73;2.08;2.32;2.28;1.13;1.15;1.27;1.47;1.58;1.6;1.61;1.64;1.67;1.7;1.7;1.71;1.72;1.72;1.7;1.69;1.67;1.66;1.65;0.78;0.76;0.75;1.08;1.1;1.12;1.49;1.5;1.52;1.53;1.54;1.6;1.61;1.62;1.63;1.64;1.63;1.62;1.28;1.02;0.84;0.77;0.75;0.73;0.72;0.43;0.44;0.45;0.46;0.47;0.56;0.57;0.57;0.57;0.57;0.63;0.61;0.6;0.59;0.58;0.79;0.78;0.76;0.74;0.72;0.71;0.69;0.41;0.44;0.47;0.5;0.53;0.54;0.56;0.58;0.6;0.6;0.6;0.59;0.58;0.57;0.55;0.52;0.54;0.59;0.62;0.65;0.68;0.66;0.4;0.41;0.45;0.48;0.51;0.51;0.52;0.55;0.57;0.59;0.58;0.55;0.52;0.5;0.49;0.5;0.5;0.52;0.56;0.6;0.65;0.63;0.38;0.39;0.43;0.47;0.49;0.49;0.49;0.52;0.56;0.56;0.55;0.53;0.49;0.47;0.47;0.47;0.48;0.49;0.49;0.5;0.28;0.27;0.37;0.38;0.39;0.46;0.46;0.47;0.47;0.47;0.55;0.54;0.53;0.52;0.46;0.44;0.45;0.45;0.42;0.36;0.3;0.27;0.26;0.26;0.19;0.19;0.19;0.2;0.2;0.23;0.23;0.23;0.24;0.24;0.27;0.27;0.27;0.28;0.34;0.43;0.4;0.29;0.26;0.26;0.25;0.25;0.18;0.19;0.2;0.21;0.22;0.22;0.23;0.23;0.24;0.25;0.25;0.26;0.26;0.26;0.26;0.21;0.21;0.21;0.22;0.23;0.24;0.24;0.17;0.18;0.19;0.2;0.21;0.21;0.21;0.22;0.23;0.24;0.24;0.24;0.23;0.22;0.21;0.2;0.2;0.2;0.2;0.22;0.23;0.23;0.17;0.17;0.18;0.19;0.2;0.2;0.2;0.21;0.22;0.23;0.23;0.23;0.22;0.21;0.2;0.19;0.19;0.19;0.19;0.18;0.12;0.12;0.16;0.16;0.16;0.19;0.19;0.19;0.19;0.2;0.22;0.22;0.22;0.22;0.2;0.19;0.19;0.18;0.17;0.14;0.13;0.12;0.12;0.11;0.1;0.1;0.1;0.1;0.1;0.13;0.13;0.13;0.13;0.13;0.12;0.12;0.13;0.13;0.15;0.18;0.16;0.12;0.11;0.11;0.11;0.11;0.09;0.1;0.1;0.11;0.12;0.12;0.12;0.12;0.12;0.12;0.12;0.12;0.12;0.12;0.12;0.09;0.09;0.09;0.1;0.1;0.11;0.1;0.09;0.09;0.1;0.11;0.11;0.12;0.12;0.12;0.12;0.11;0.11;0.11;0.11;0.1;0.09;0.09;0.09;0.09;0.09;0.09;0.1;0.1;0.08;0.08;0.09;0.1;0.11;0.11;0.11;0.11;0.11;0.11;0.11;0.11;0.1;0.09;0.09;0.09;0.09;0.08;0.08;0.08;0.08;0.08;0.08;0.08;0.08;0.1;0.1;0.11;0.11;0.11;0.1;0.1;0.1;0.1;0.09;0.09;0.08;0.08;0.08;0.08;0.08;0.08;0.08;0.08;,50.98;50.98;50.98;50.98;50.98;50.98;50.32;50.98;50.32;50.98;49.63;50.29;48.87;50.29;48.78;48.96;47.49;48.96;46.16;46.7;43.42;44.0;42.79;37.19;40.77;29.71;39.93;26.43;39.85;28.38;41.36;33.2;40.62;40.71;43.39;44.5;41.97;41.41;43.44;34.56;
WWRSouth0.15_SillHT0.8_WindowHT1.2_BalconyDepth0.6_WWRWest0_X1.3_Y1.5,0.15,0.8,1.2,0.6,0,1.3,1.5,2.4,False,4.2,0.04;0.04;0.05;0.05;0.05;0.05;0.05;0.05;0.05;0.05;0.04;0.04;0.04;0.04;0.04;0.05;0.05;0.05;0.05;0.04;0.04;0.04;0.04;0.05;0.05;0.05;0.04;0.04;0.04;0.04;0.04;0.05;0.05;0.05;0.05;0.05;0.05;0.05;0.04;0.04;0.04;0.04;0.04;0.04;0.04;0.04;0.04;0.04;0.04;0.04;0.04;0.05;0.05;0.05;0.05;0.05;0.05;0.04;0.04;0.04;0.04;0.04;0.04;0.04;0.04;0.04;0.04;0.04;0.04;0.04;0.05;0.06;0.06;0.05;0.05;0.05;0.04;0.04;0.04;0.04;0.04;0.04;0.04;0.04;0.04;0.04;0.03;0.03;0.03;0.06;0.06;0.06;0.05;0.05;0.04;0.04;0.04;0.04;0.04;0.04;0.04;0.04;0.03;0.03;0.03;0.04;0.04;0.04;0.04;0.04;0.04;0.04;0.04;0.04;0.04;0.04;0.04;0.04;0.04;0.04;0.04;0.04;0.04;0.04;0.04;0.04;0.04;0.04;0.04;0.04;0.04;0.04;0.04;0.04;0.04;0.04;0.04;0.04;0.04;0.04;0.04;0.04;0.04;0.04;0.04;0.04;0.04;0.04;0.04;0.04;0.04;0.04;0.04;0.04;0.04;0.04;0.04;0.04;0.04;0.04;0.04;0.04;0.04;0.04;0.04;0.04;0.05;0.05;0.05;0.05;0.05;0.04;0.04;0.05;0.04;0.04;0.04;0.04;0.04;0.04;0.04;0.05;0.05;0.05;0.05;0.05;0.05;0.05;0.05;0.05;0.05;0.05;0.05;0.05;0.05;0.06;0.06;0.06;0.06;0.06;0.06;0.06;0.06;0.06;0.06;0.06;0.06;0.06;0.06;0.06;0.06;0.06;0.06;0.06;0.06;0.06;0.06;0.06;0.06;0.08;0.08;0.07;0.07;0.06;0.06;0.06;0.06;0.07;0.06;0.06;0.06;0.06;0.06;0.06;0.07;0.07;0.08;0.08;0.08;0.08;0.08;0.08;0.07;0.06;0.07;0.07;0.07;0.06;0.06;0.06;0.06;0.07;0.07;0.07;0.07;0.08;0.08;0.08;0.08;0.08;0.08;0.07;0.07;0.07;0.07;0.07;0.06;0.06;0.06;0.07;0.07;0.07;0.07;0.08;0.09;0.09;0.09;0.09;0.09;0.09;0.09;0.09;0.09;0.08;0.08;0.13;0.12;0.12;0.11;0.11;0.1;0.1;0.1;0.1;0.1;0.09;0.09;0.09;0.09;0.09;0.09;0.09;0.09;0.09;0.13;0.12;0.12;0.11;0.11;0.11;0.11;0.1;0.1;0.1;0.09;0.09;0.09;0.09;0.09;0.1;0.1;0.1;0.1;0.13;0.13;0.12;0.11;0.11;0.11;0.11;0.11;0.11;0.11;0.25;0.24;0.21;0.19;0.15;0.1;0.1;0.1;0.19;0.14;0.13;0.12;0.11;0.11;0.11;0.14;0.18;0.22;0.25;0.25;0.26;0.25;0.22;0.18;0.16;0.18;0.19;0.19;0.14;0.14;0.13;0.11;0.11;0.11;0.14;0.22;0.24;0.25;0.25;0.26;0.26;0.27;0.23;0.18;0.18;0.19;0.19;0.49;0.49;0.49;0.49;0.49;0.59;0.58;0.53;0.44;0.34;0.25;0.26;0.27;0.27;0.58;0.55;0.49;0.41;0.31;0.51;0.53;0.56;0.59;0.61;0.61;0.6;0.59;0.55;0.41;0.39;0.49;0.56;0.59;0.6;0.62;0.6;0.52;0.4;0.53;0.54;0.58;0.61;0.64;0.64;0.63;0.62;0.61;0.6;0.57;0.59;0.6;0.61;0.63;0.64;0.65;0.66;0.68;0.55;0.55;0.59;0.64;0.67;0.66;0.65;0.64;0.63;2.05;2.05;1.86;1.5;1.06;0.65;0.66;0.67;0.69;2.39;0.57;0.57;0.57;0.7;0.69;1.32;1.74;2.02;2.13;2.13;2.14;2.14;1.98;1.39;1.52;2.07;2.42;2.52;2.49;,50.98;50.98;50.98;50.98;50.98;50.98;50.98;50.98;50.98;50.98;50.98;50.98;50.98;50.98;50.98;50.98;
WWRSouth0.45_SillHT0.8_WindowHT1.0_BalconyDepth0.6_WWRWest0_X1.4_Y1.4,0.45,0.8,1,0.6,0,1.4,1.4,11.16,False,40,9.32;9.47;9.62;9.77;9.91;10.02;10.05;10.07;10.1;10.13;11.46;11.48;11.51;11.53;11.56;11.69;11.69;11.69;11.68;11.68;8.95;9.14;9.34;9.48;9.56;9.59;9.76;10.11;10.46;10.81;10.97;11.01;11.08;11.13;11.17;11.19;11.19;11.18;11.18;11.18;8.58;8.73;8.95;9.08;9.14;9.16;9.22;9.63;10.01;10.43;10.48;10.51;10.58;10.64;10.68;10.68;10.68;10.68;10.68;10.68;8.2;8.35;8.54;8.67;8.71;8.73;8.76;9.07;9.66;9.96;9.99;10.01;10.07;10.15;10.18;10.18;10.18;10.18;10.18;2.84;7.83;7.97;8.12;8.25;8.28;8.3;8.33;8.36;9.45;9.47;9.49;9.52;9.54;9.68;9.68;7.15;4.76;3.27;2.79;2.73;1.6;1.61;1.62;1.63;1.64;2.11;2.13;2.15;2.17;2.19;2.18;2.17;2.17;2.16;2.15;2.87;2.81;2.75;2.69;2.63;1.54;1.59;1.71;1.83;1.95;2.02;2.05;2.08;2.09;2.09;2.08;2.08;2.07;2.07;2.06;1.51;1.6;1.81;2.01;2.27;1.47;1.49;1.62;1.75;1.9;1.93;1.95;1.99;2.0;2.0;1.99;1.92;1.76;1.62;1.47;1.45;1.43;1.48;1.7;2.03;1.4;1.41;1.51;1.71;1.82;1.84;1.86;1.89;1.91;1.9;1.9;1.87;1.66;1.49;1.4;1.38;1.37;1.35;1.34;1.32;1.33;1.34;1.35;1.72;1.74;1.76;1.77;1.79;1.82;1.81;1.8;1.8;1.49;1.35;1.33;1.32;1.3;1.29;1.28;0.61;0.59;0.59;0.58;0.58;0.57;0.64;0.63;0.62;0.62;0.61;0.67;0.67;0.67;0.73;0.97;1.02;0.79;0.64;0.6;0.58;0.56;0.57;0.58;0.6;0.61;0.61;0.61;0.61;0.62;0.64;0.64;0.64;0.64;0.65;0.65;0.6;0.59;0.58;0.57;0.56;0.54;0.54;0.56;0.57;0.59;0.58;0.58;0.58;0.59;0.61;0.61;0.61;0.62;0.62;0.62;0.42;0.43;0.45;0.48;0.5;0.51;0.51;0.52;0.55;0.56;0.56;0.55;0.55;0.57;0.58;0.58;0.55;0.5;0.44;0.42;0.41;0.41;0.41;0.43;0.47;0.49;0.49;0.48;0.54;0.54;0.53;0.52;0.52;0.55;0.56;0.56;0.54;0.44;0.41;0.41;0.4;0.4;0.39;0.39;0.38;0.26;0.26;0.27;0.27;0.27;0.23;0.24;0.24;0.24;0.24;0.26;0.26;0.27;0.31;0.36;0.39;0.39;0.38;0.37;0.24;0.25;0.25;0.24;0.24;0.23;0.22;0.23;0.24;0.24;0.25;0.25;0.25;0.25;0.26;0.32;0.32;0.27;0.24;0.23;0.23;0.24;0.24;0.23;0.23;0.21;0.21;0.22;0.22;0.23;0.24;0.24;0.24;0.23;0.23;0.23;0.21;0.22;0.22;0.22;0.22;0.23;0.23;0.23;0.21;0.2;0.2;0.21;0.21;0.22;0.23;0.23;0.22;0.22;0.22;0.2;0.2;0.2;0.2;0.2;0.21;0.22;0.22;0.22;0.19;0.19;0.19;0.2;0.2;0.22;0.21;0.21;0.2;0.2;0.2;0.2;0.19;0.19;0.19;0.19;0.2;0.15;0.15;0.15;0.16;0.16;0.14;0.14;0.14;0.14;0.14;0.19;0.19;0.19;0.19;0.19;0.18;0.18;0.18;0.18;0.12;0.15;0.14;0.14;0.14;0.14;0.13;0.14;0.14;0.14;0.14;0.16;0.16;0.16;0.17;0.17;0.17;0.15;0.13;0.12;0.12;0.14;0.14;0.14;0.13;0.13;0.13;0.13;0.14;0.15;0.15;0.15;0.15;0.15;0.15;0.16;0.16;0.13;0.12;0.12;0.11;0.13;0.13;0.13;0.13;0.12;0.12;0.12;0.14;0.14;0.15;0.15;0.14;0.14;0.14;0.14;0.17;0.16;0.14;0.13;0.12;0.13;0.13;0.13;0.12;0.12;0.12;0.12;0.14;0.14;0.14;0.14;0.15;0.16;0.17;0.17;0.16;0.16;0.15;0.14;0.12;,50.98;50.98;50.98;50.98;50.98;50.98;50.98;50.98;50.98;50.98;50.98;50.98;50.98;50.98;50.98;49.54;50.29;50.29;49.54;50.29;50.29;48.89;49.54;49.63;48.21;48.24;49.63;48.25;46.88;46.82;47.53;45.44;40.6;47.59;44.89;35.12;46.81;44.8;32.33;46.84;44.87;35.13;46.82;45.34;40.58;47.54;47.5;46.21;48.17;47.56;48.09;48.17;46.8;44.14;
WWRSouth0.55_SillHT1.1_WindowHT1.2_BalconyDepth0_WWRWest0_X1.5_Y1.4,0.55,1.1,1.2,0,0,1.5,1.4,13.26,False,48.9,10.29;10.53;10.77;11.01;11.25;12.49;12.5;12.51;12.52;12.53;12.55;12.59;12.63;12.67;12.72;12.6;12.62;12.65;12.67;12.7;11.66;11.52;9.91;10.38;10.97;11.44;11.81;11.95;11.95;11.94;11.95;11.97;12.01;12.04;12.05;12.05;12.05;12.06;12.04;11.92;11.72;11.43;11.18;11.04;9.54;9.86;10.51;10.99;11.36;11.42;11.42;11.4;11.41;11.43;11.47;11.51;11.51;11.51;11.5;11.52;11.53;11.41;11.2;10.88;10.7;10.56;9.17;9.41;9.97;10.6;10.87;10.88;10.89;10.88;10.87;10.89;10.94;10.98;10.99;10.96;10.95;10.98;11.0;10.92;10.65;10.36;10.22;10.08;8.79;9.03;9.27;10.32;10.33;10.34;10.35;10.36;10.31;10.36;10.4;10.44;10.48;10.38;10.41;10.44;10.46;10.49;10.02;9.88;9.74;9.6;2.42;2.48;2.54;2.59;2.65;3.4;3.45;3.49;3.53;3.57;3.6;3.6;3.61;3.61;3.62;3.5;3.48;3.46;3.43;3.41;2.72;2.67;2.33;2.48;2.71;2.93;3.14;3.26;3.32;3.37;3.41;3.43;3.44;3.45;3.44;3.42;3.39;3.36;3.27;3.11;2.94;2.75;2.62;2.56;2.24;2.34;2.59;2.82;3.05;3.12;3.17;3.23;3.26;3.28;3.29;3.29;3.29;3.27;3.23;3.21;3.16;2.99;2.81;2.6;2.52;2.46;2.16;2.22;2.44;2.75;2.94;2.98;3.02;3.08;3.12;3.13;3.13;3.14;3.14;3.12;3.08;3.06;3.03;2.89;2.65;2.47;2.41;2.36;2.07;2.13;2.19;2.76;2.8;2.84;2.88;2.92;2.97;2.97;2.98;2.98;2.99;2.96;2.93;2.91;2.89;2.86;2.42;2.37;2.31;2.25;0.82;0.84;0.85;0.87;0.89;1.12;1.13;1.15;1.16;1.18;1.17;1.16;1.16;1.15;1.14;1.13;1.11;1.09;1.07;1.05;0.93;0.92;0.79;0.83;0.9;0.97;1.03;1.07;1.09;1.11;1.13;1.13;1.12;1.12;1.12;1.11;1.1;1.08;1.05;1.0;0.95;0.92;0.89;0.88;0.76;0.78;0.86;0.93;1.0;1.03;1.04;1.07;1.08;1.08;1.07;1.07;1.07;1.07;1.06;1.04;1.01;0.96;0.91;0.87;0.85;0.84;0.73;0.74;0.81;0.9;0.97;0.98;0.99;1.02;1.03;1.03;1.02;1.01;1.02;1.02;1.01;0.99;0.97;0.92;0.86;0.83;0.82;0.81;0.7;0.71;0.73;0.91;0.92;0.93;0.95;0.96;0.98;0.98;0.97;0.96;0.96;0.99;0.97;0.95;0.93;0.91;0.8;0.79;0.78;0.77;0.36;0.37;0.38;0.38;0.39;0.46;0.46;0.47;0.47;0.47;0.52;0.52;0.52;0.52;0.52;0.49;0.49;0.48;0.48;0.47;0.41;0.4;0.35;0.36;0.39;0.41;0.43;0.44;0.45;0.47;0.48;0.49;0.5;0.5;0.5;0.49;0.48;0.47;0.46;0.44;0.42;0.4;0.39;0.38;0.33;0.34;0.37;0.39;0.41;0.42;0.43;0.45;0.46;0.48;0.48;0.48;0.47;0.47;0.46;0.45;0.44;0.42;0.4;0.38;0.37;0.37;0.32;0.33;0.35;0.38;0.4;0.4;0.41;0.42;0.44;0.46;0.45;0.45;0.45;0.45;0.44;0.43;0.43;0.41;0.38;0.36;0.35;0.35;0.31;0.31;0.32;0.37;0.38;0.38;0.39;0.39;0.43;0.43;0.43;0.43;0.43;0.42;0.42;0.41;0.41;0.4;0.35;0.34;0.34;0.33;0.2;0.2;0.21;0.21;0.21;0.23;0.23;0.24;0.24;0.24;0.27;0.27;0.27;0.27;0.27;0.26;0.26;0.25;0.25;0.25;0.21;0.21;0.19;0.2;0.21;0.21;0.22;0.22;0.23;0.24;0.25;0.26;0.26;0.26;0.25;0.25;0.25;0.25;0.24;0.23;0.22;0.21;0.21;0.2;0.18;0.19;0.2;0.21;0.21;0.21;0.22;0.23;0.24;0.25;0.25;0.25;0.24;0.24;0.24;0.24;0.23;0.22;0.21;0.2;0.2;0.19;0.18;0.18;0.19;0.2;0.2;0.2;0.2;0.22;0.23;0.24;0.24;0.24;0.23;0.23;0.23;0.22;0.22;0.22;0.2;0.19;0.19;0.19;0.17;0.17;0.18;0.19;0.19;0.19;0.19;0.2;0.23;0.23;0.23;0.22;0.22;0.22;0.21;0.21;0.21;0.21;0.19;0.18;0.18;0.18;,50.98;50.98;50.98;50.98;50.98;50.98;50.98;50.98;50.98;50.98;50.98;50.98;50.98;50.98;50.98;50.29;50.29;50.98;50.29;50.29;51.68;50.29;50.29;51.68;50.29;50.29;51.68;50.29;50.29;51.68;50.29;50.29;51.68;50.29;50.29;51.68;50.98;50.98;51.68;50.98;50.98;51.68;50.98;50.98;51.68;50.98;50.98;51.68;50.98;50.98;51.68;52.34;52.34;53.03;52.34;52.34;53.03;52.34;52.34;53.03;
WWRSouth0.4_SillHT1_WindowHT0.8_BalconyDepth1.2_WWRWest0_X1.1_Y1.5,0.4,1,0.8,1.2,0,1.1,1.5,11.12,False,40,8.4;8.43;8.46;8.49;8.51;9.34;9.45;9.56;9.67;9.79;11.85;11.9;11.95;12.0;12.04;10.68;8.04;8.13;8.3;8.49;8.74;8.95;9.38;9.96;10.5;11.01;11.35;11.34;11.2;10.97;10.61;10.26;7.68;7.74;7.92;8.13;8.4;8.57;8.84;9.49;10.07;10.64;10.84;10.86;10.74;10.5;10.12;9.85;7.32;7.35;7.51;7.8;8.07;8.18;8.29;8.93;9.74;10.29;10.33;10.38;10.3;10.0;9.62;9.43;6.96;6.99;7.02;7.57;7.68;7.8;7.91;8.02;9.73;9.78;9.83;9.87;9.92;9.38;9.2;9.01;1.67;1.7;1.73;1.76;1.79;2.29;2.31;2.32;2.33;2.35;2.43;2.42;2.41;2.41;2.4;1.87;1.61;1.71;1.86;1.99;2.12;2.2;2.23;2.27;2.3;2.32;2.32;2.26;2.15;2.03;1.9;1.8;1.54;1.61;1.77;1.91;2.05;2.1;2.12;2.17;2.2;2.22;2.22;2.18;2.06;1.94;1.79;1.72;1.48;1.51;1.66;1.86;1.99;2.0;2.01;2.06;2.1;2.12;2.11;2.11;2.0;1.82;1.68;1.65;1.41;1.44;1.47;1.88;1.89;1.9;1.92;1.93;2.02;2.02;2.01;2.0;2.0;1.64;1.61;1.57;0.68;0.69;0.7;0.71;0.72;0.85;0.85;0.86;0.87;0.88;0.86;0.85;0.84;0.83;0.82;0.69;0.65;0.68;0.71;0.75;0.79;0.81;0.83;0.84;0.84;0.83;0.82;0.79;0.75;0.72;0.68;0.66;0.62;0.64;0.68;0.72;0.76;0.78;0.79;0.8;0.8;0.8;0.79;0.77;0.72;0.69;0.65;0.63;0.59;0.6;0.64;0.7;0.73;0.74;0.75;0.76;0.77;0.76;0.75;0.74;0.7;0.65;0.61;0.6;0.57;0.58;0.59;0.69;0.7;0.71;0.71;0.72;0.73;0.72;0.71;0.7;0.69;0.59;0.58;0.57;0.35;0.35;0.36;0.36;0.37;0.4;0.4;0.4;0.41;0.41;0.4;0.4;0.4;0.39;0.39;0.37;0.33;0.34;0.36;0.37;0.38;0.38;0.39;0.39;0.39;0.39;0.39;0.38;0.38;0.37;0.37;0.36;0.32;0.33;0.34;0.35;0.36;0.37;0.37;0.37;0.38;0.37;0.37;0.37;0.36;0.36;0.35;0.34;0.3;0.31;0.32;0.34;0.35;0.35;0.35;0.36;0.36;0.36;0.35;0.35;0.35;0.34;0.33;0.33;0.29;0.3;0.3;0.33;0.33;0.33;0.33;0.34;0.34;0.34;0.34;0.33;0.33;0.33;0.32;0.31;0.22;0.22;0.22;0.23;0.23;0.23;0.24;0.24;0.24;0.24;0.22;0.22;0.22;0.22;0.22;0.21;0.21;0.21;0.22;0.22;0.22;0.22;0.23;0.23;0.22;0.22;0.22;0.21;0.21;0.21;0.21;0.21;0.2;0.2;0.21;0.21;0.21;0.21;0.22;0.22;0.21;0.21;0.21;0.2;0.2;0.2;0.2;0.2;0.19;0.19;0.2;0.2;0.2;0.2;0.21;0.21;0.2;0.2;0.2;0.19;0.19;0.19;0.19;0.19;0.18;0.19;0.19;0.19;0.19;0.19;0.2;0.2;0.19;0.19;0.19;0.18;0.18;0.18;0.18;0.18;,50.32;50.98;50.29;50.32;50.98;50.29;50.32;50.98;50.29;49.63;49.63;49.6;48.78;49.63;49.6;47.49;48.12;50.29;46.16;46.72;48.3;43.42;44.07;44.59;42.79;39.86;34.33;40.71;35.13;19.98;41.3;32.67;18.29;40.53;35.22;18.56;42.59;38.41;33.65;42.01;41.84;42.68;
WWRSouth0.1_SillHT0.9_WindowHT0.8_BalconyDepth1.2_WWRWest0_X1.1_Y1.3,0.1,0.9,0.8,1.2,0,1.1,1.3,6.06,False,20,4.04;4.14;4.24;4.34;4.45;1.76;1.82;1.89;1.95;2.01;1.41;1.35;1.29;1.24;1.18;2.88;3.9;3.63;3.14;2.64;2.12;1.8;1.83;1.79;1.7;1.55;1.4;1.61;1.96;2.29;2.62;2.79;3.76;3.67;3.11;2.58;1.97;1.84;1.88;1.81;1.7;1.5;1.38;1.47;1.89;2.26;2.65;2.7;3.62;3.72;3.2;2.38;1.81;1.87;1.94;1.87;1.66;1.43;1.37;1.31;1.72;2.32;2.7;2.61;3.48;3.58;3.68;1.79;1.85;1.91;1.98;2.04;1.47;1.42;1.36;1.3;1.24;2.69;2.61;2.52;0.44;0.44;0.45;0.45;0.46;0.44;0.43;0.42;0.41;0.4;0.3;0.29;0.28;0.28;0.27;0.21;0.42;0.43;0.44;0.44;0.44;0.43;0.4;0.37;0.34;0.31;0.28;0.27;0.26;0.24;0.22;0.21;0.4;0.41;0.42;0.43;0.42;0.41;0.39;0.36;0.32;0.29;0.27;0.26;0.25;0.23;0.22;0.21;0.38;0.39;0.4;0.41;0.41;0.4;0.39;0.35;0.3;0.27;0.26;0.26;0.24;0.23;0.21;0.21;0.36;0.37;0.37;0.4;0.39;0.38;0.37;0.36;0.27;0.26;0.25;0.25;0.24;0.22;0.21;0.21;0.14;0.14;0.14;0.14;0.14;0.15;0.14;0.14;0.14;0.14;0.11;0.11;0.11;0.11;0.1;0.09;0.13;0.14;0.14;0.14;0.14;0.14;0.14;0.13;0.12;0.11;0.11;0.1;0.1;0.09;0.09;0.09;0.13;0.13;0.13;0.13;0.13;0.13;0.13;0.12;0.12;0.11;0.1;0.1;0.1;0.09;0.09;0.08;0.12;0.12;0.13;0.13;0.13;0.13;0.13;0.12;0.11;0.1;0.1;0.1;0.09;0.09;0.08;0.08;0.11;0.12;0.12;0.12;0.12;0.12;0.12;0.12;0.1;0.1;0.1;0.09;0.09;0.08;0.08;0.08;0.07;0.07;0.07;0.07;0.07;0.07;0.07;0.07;0.07;0.07;0.06;0.06;0.06;0.06;0.06;0.05;0.06;0.06;0.07;0.07;0.07;0.06;0.06;0.06;0.06;0.06;0.06;0.05;0.05;0.05;0.05;0.05;0.06;0.06;0.06;0.06;0.06;0.06;0.06;0.06;0.06;0.06;0.05;0.05;0.05;0.05;0.05;0.05;0.06;0.06;0.06;0.06;0.06;0.06;0.06;0.06;0.06;0.05;0.05;0.05;0.05;0.05;0.04;0.04;0.06;0.06;0.06;0.06;0.06;0.06;0.06;0.06;0.05;0.05;0.05;0.05;0.05;0.04;0.04;0.04;0.03;0.03;0.03;0.04;0.04;0.03;0.03;0.03;0.03;0.03;0.04;0.04;0.04;0.04;0.04;0.03;0.03;0.03;0.03;0.03;0.03;0.03;0.03;0.03;0.03;0.04;0.04;0.04;0.03;0.03;0.03;0.03;0.03;0.03;0.03;0.03;0.03;0.03;0.03;0.03;0.03;0.03;0.03;0.03;0.03;0.03;0.03;0.03;0.03;0.03;0.03;0.03;0.03;0.03;0.03;0.03;0.03;0.03;0.03;0.03;0.03;0.03;0.03;0.03;0.03;0.03;0.03;0.03;0.03;0.03;0.03;0.03;0.03;0.03;0.03;0.03;0.03;0.03;0.03;0.03;,46.8;47.49;46.84;47.49;45.46;45.46;46.16;46.84;46.26;44.07;44.79;45.47;45.55;44.87;42.71;43.37;
WWRSouth0.45_SillHT1.1_WindowHT1.0_BalconyDepth0.3_WWRWest0_X1.1_Y1.4,0.45,1.1,1,0.3,0,1.1,1.4,11.12,False,40,9.88;10.12;10.35;10.58;10.82;11.54;11.62;11.7;11.78;11.86;12.35;12.35;12.35;12.34;12.34;10.79;9.53;9.91;10.31;10.64;10.9;11.05;11.24;11.45;11.62;11.76;11.82;11.72;11.48;11.16;10.75;10.37;9.18;9.48;9.89;10.21;10.45;10.56;10.7;10.94;11.12;11.26;11.29;11.24;11.0;10.68;10.23;9.95;8.82;9.06;9.45;9.8;9.99;10.07;10.15;10.39;10.64;10.77;10.76;10.76;10.56;10.15;9.72;9.53;8.47;8.7;8.94;9.42;9.5;9.58;9.66;9.74;10.24;10.23;10.23;10.23;10.22;9.49;9.3;9.1;2.14;2.2;2.25;2.3;2.35;2.9;2.92;2.93;2.95;2.96;2.96;2.94;2.92;2.91;2.89;2.28;2.07;2.21;2.39;2.54;2.69;2.78;2.81;2.84;2.85;2.85;2.83;2.75;2.61;2.47;2.31;2.19;1.99;2.09;2.28;2.45;2.6;2.65;2.68;2.71;2.73;2.73;2.71;2.65;2.51;2.35;2.18;2.1;1.92;1.97;2.15;2.37;2.51;2.53;2.54;2.58;2.61;2.6;2.58;2.56;2.43;2.22;2.05;2.01;1.84;1.89;1.94;2.37;2.39;2.41;2.42;2.44;2.49;2.47;2.46;2.44;2.42;2.0;1.96;1.92;0.83;0.83;0.83;0.84;0.84;0.98;0.97;0.96;0.95;0.93;1.0;0.99;0.98;0.96;0.95;0.8;0.79;0.82;0.87;0.9;0.93;0.94;0.94;0.95;0.95;0.96;0.96;0.93;0.88;0.84;0.8;0.77;0.75;0.77;0.83;0.87;0.9;0.9;0.89;0.9;0.91;0.92;0.92;0.89;0.85;0.8;0.76;0.74;0.72;0.72;0.78;0.84;0.87;0.86;0.85;0.86;0.88;0.89;0.88;0.86;0.82;0.76;0.72;0.71;0.68;0.69;0.69;0.84;0.83;0.82;0.81;0.8;0.86;0.85;0.83;0.82;0.81;0.69;0.68;0.67;0.38;0.38;0.39;0.39;0.4;0.46;0.46;0.46;0.47;0.47;0.46;0.46;0.45;0.45;0.45;0.38;0.36;0.38;0.39;0.41;0.43;0.44;0.44;0.45;0.45;0.45;0.44;0.43;0.41;0.4;0.38;0.36;0.35;0.36;0.38;0.39;0.41;0.42;0.42;0.43;0.43;0.43;0.42;0.42;0.4;0.38;0.36;0.35;0.33;0.34;0.36;0.38;0.39;0.4;0.4;0.41;0.41;0.41;0.4;0.4;0.38;0.36;0.34;0.33;0.32;0.32;0.33;0.37;0.38;0.38;0.38;0.39;0.39;0.39;0.38;0.38;0.38;0.33;0.33;0.32;0.21;0.21;0.22;0.22;0.23;0.25;0.25;0.25;0.25;0.26;0.25;0.24;0.24;0.24;0.23;0.21;0.2;0.21;0.22;0.23;0.23;0.24;0.24;0.24;0.24;0.24;0.24;0.23;0.22;0.22;0.21;0.2;0.19;0.2;0.21;0.22;0.23;0.23;0.23;0.23;0.23;0.23;0.23;0.22;0.21;0.21;0.2;0.2;0.19;0.19;0.2;0.21;0.22;0.22;0.22;0.22;0.22;0.22;0.22;0.21;0.2;0.2;0.19;0.19;0.18;0.18;0.19;0.2;0.21;0.21;0.21;0.21;0.21;0.21;0.2;0.2;0.2;0.18;0.18;0.18;,50.98;50.98;50.98;50.98;50.98;50.98;50.98;50.98;50.98;50.29;50.29;50.98;49.54;50.29;50.98;49.54;50.29;50.98;48.89;49.54;50.98;48.89;48.21;50.92;49.64;48.21;45.43;49.06;47.63;39.28;49.71;47.73;38.62;48.31;48.31;38.62;48.86;48.86;45.45;48.18;48.83;49.57;